Workbook

Sheet TOTAL
A1: JURISDICCIÓN | B1: 43466 | C1: 43497 | D1: 43525 | E1: 43556 | F1: 43586 | G1: 43617 | H1: 43647 | I1: 43678 | J1: 43709 | K1: 43739 | L1: 43770 | M1: 43800 | N1: 43831 | O1: 43862 | P1: 43891 | Q1: 43922 | R1: 43952 | S1: 43983 | T1: 44013 | U1: 44044 | V1: 44075 | W1: 44105 | X1: 44136 | Y1: 44166 | Z1: 44197 | AA1: 44228 | AB1: 44256 | AC1: 44287 | AD1: 44317 | AE1: 44348 | AF1: 44378 | AG1: 44409 | AH1: 44440 | AI1: 44470 | AJ1: 44501 | AK1: 44531 | AL1: 44562 | AM1: 44593 | AN1: 44621 | AO1: 44652 | AP1: 44682 | AQ1: 44713 | AR1: 44743 | AS1: 44774 | AT1: 44805 | AU1: 44835 | AV1: 44866 | AW1: 44896 | AX1: 44927 | AY1: 44958 | AZ1: 44986 | BA1: 45017 | BB1: 45047 | BC1: 45078 | BD1: 45108 | BE1: 45139 | BF1: 45170 | BG1: 45200 | BH1: 45231 | BI1: 45261 | BJ1: 45292 | BK1: 45323 | BL1: 45352 | BM1: 45383 | BN1: 45413 | BO1: 45444 | BP1: 45474 | BQ1: 45505 | BR1: 45536 | BS1: 45566 | BT1: 45597 | BU1: 45627 | BV1: 45658 | BW1: 45689 | BX1: 45717 | BY1: 45748 | BZ1: 45778 | CA1: 45809 | CB1: 45839 | CC1: 45870 | CD1: 45901 | CE1: 45931 | CF1: 45962 | CG1: 45992 | CH1: 46023 | CI1: 46054 | CJ1: 46082 | CK1: 46113 | CL1: 46143 | CM1: 46174 | CN1: 46204 | CO1: 46235
A2: Buenos Aires | B2: 29680.858 | C2: 28537.857 | D2: 27501.723 | E2: 26581.721 | F2: 28541.036 | G2: 30179.504 | H2: 29913.642 | I2: 30779.904 | J2: 35286.023 | K2: 32454.938 | L2: 35450.324 | M2: 31097.862 | N2: 34848.602 | O2: 35932.181 | P2: 42339.593 | Q2: 29626.194 | R2: 32464.636 | S2: 36599.182 | T2: 37355.418 | U2: 38826.931 | V2: 43598.884 | W2: 41198.27 | X2: 48105.493 | Y2: 46121.443 | Z2: 56690.132 | AA2: 57983.467 | AB2: 62049.556 | AC2: 60648.794 | AD2: 61924.734 | AE2: 68709.167 | AF2: 68552.46 | AG2: 63003.763 | AH2: 70728.293 | AI2: 70356.599 | AJ2: 77179.567 | AK2: 73652.277 | AL2: 75776.7 | AM2: 86120.189 | AN2: 105365.04 | AO2: 98127.153 | AP2: 108686.84 | AQ2: 118643.06 | AR2: 128373.53 | AS2: 124566.75 | AT2: 140706.02 | AU2: 138737.7 | AV2: 146941.32 | AW2: 136722.59 | AX2: 154759.04 | AY2: 165427.35 | AZ2: 200136.55 | BA2: 194928.38 | BB2: 210181.96 | BC2: 235321.52 | BD2: 252518.85 | BE2: 265664.18 | BF2: 307375.37 | BG2: 326323.04 | BH2: 366637.04 | BI2: 361136.78 | BJ2: 480894.47 | BK2: 617285.33 | BL2: 840195.61 | BM2: 726206.38 | BN2: 692067.64 | BO2: 782001.43 | BP2: 804133.83 | BQ2: 858082.37 | BR2: 919350.82 | BS2: 971268.52 | BT2: 1043542.8 | BU2: 914225.48 | BV2: 950706.14 | BW2: 921021.1 | BX2: 1083447.6 | BY2: 1104931.3 | BZ2: 1162835.8 | CA2: 1145940.5 | CB2: 1215758.3 | CC2: 1208999.6 | CD2: 1295553.4 | CE2: 1221182.1 | CF2: 1316795.8 | CG2: 1320151 | CH2: 1314352.3 | CI2: 1319640.4 | CJ2: 1366397.4 | CK2: 1425233.9 | CL2: 1341638.8 | CM2: 1562091.8 | CN2: 1488013.8
A3: CABA | B3: 19003.5 | C3: 17988.5 | D3: 14975.3 | E3: 17967.7 | F3: 17590.6 | G3: 18633.6 | H3: 18470.2 | I3: 20479.2 | J3: 20945.2 | K3: 21578 | L3: 23029.3 | M3: 23020.6 | N3: 27701.7 | O3: 25799.4 | P3: 20488.7 | Q3: 19240.4 | R3: 19960.1 | S3: 22778 | T3: 23452 | U3: 26778.5 | V3: 27814.4 | W3: 30321 | X3: 28871.9 | Y3: 31272.6 | Z3: 38638.9 | AA3: 38863.2 | AB3: 34049.3 | AC3: 40842.1 | AD3: 40668.4 | AE3: 43917.7 | AF3: 43967.1 | AG3: 48845.5 | AH3: 48735.2 | AI3: 51702.4 | AJ3: 52987.6 | AK3: 58870.9 | AL3: 63094.2 | AM3: 62066.4 | AN3: 55506.3 | AO3: 68823.5 | AP3: 69142.3 | AQ3: 78343.8 | AR3: 81670.7 | AS3: 91834.5 | AT3: 96997.8 | AU3: 108956.6 | AV3: 113051.8 | AW3: 126672.4 | AX3: 142995.5 | AY3: 142053.6 | AZ3: 130190.6 | BA3: 158522.4 | BB3: 164075.7 | BC3: 193255.5 | BD3: 207775.7 | BE3: 229161.7 | BF3: 266894.7 | BG3: 301105.3 | BH3: 324781.7 | BI3: 360778.2 | BJ3: 466525.1 | BK3: 474364.8 | BL3: 458538.3 | BM3: 527925.7 | BN3: 542932.8 | BO3: 582367.6 | BP3: 551658.9 | BQ3: 631043.4 | BR3: 635860.2 | BS3: 638998.8 | BT3: 659182.5 | BU3: 687956.5 | BV3: 729043.3 | BW3: 768506.5 | BX3: 670256.3 | BY3: 789995.5 | BZ3: 794195 | CA3: 790697.5 | CB3: 785857.2 | CC3: 891886.5 | CD3: 886387.7 | CE3: 962840.6 | CF3: 939760.5 | CG3: 934708.3 | CH3: 1124942.9 | CI3: 973721.7 | CJ3: 834884.7 | CK3: 953683.4 | CL3: 944690.1 | CM3: 973905.3 | CN3: 980445.6 | CO3: 1050165.9
A4: Catamarca | B4: 351.2957 | C4: 327.76971 | D4: 370.93105 | E4: 343.39 | F4: 348.02061 | G4: 344.32519 | H4: 352.03075 | I4: 355.6633 | J4: 392.85482 | K4: 428.79091 | L4: 440.2345 | M4: 400.28964 | N4: 420.39319 | O4: 434.28226 | P4: 425.20392 | Q4: 446.2158 | R4: 433.91593 | S4: 493.06383 | T4: 519.11997 | U4: 521.64472 | V4: 514.2556 | W4: 525.38448 | X4: 530.45199 | Y4: 552.75429 | Z4: 623.21519 | AA4: 631.97928 | AB4: 861.825 | AC4: 893.447 | AD4: 801.82084 | AE4: 811.64348 | AF4: 863.44634 | AG4: 907.32067 | AH4: 1041.3081 | AI4: 1111.2664 | AJ4: 1222.5505 | AK4: 1327.3173 | AL4: 1229.006 | AM4: 1205.6261 | AN4: 1535.7669 | AO4: 1303.3324 | AP4: 1384.8493 | AQ4: 2108.2636 | AR4: 1745.9278 | AS4: 2177.7441 | AT4: 2262.9317 | AU4: 2194.9974 | AV4: 2494.2676 | AW4: 2489.5071 | AX4: 2652.4489 | AY4: 2433.636 | AZ4: 3045.7955 | BA4: 3393.9107 | BB4: 3496.6058 | BC4: 4019.8485 | BD4: 4766.5711 | BE4: 5040.5635 | BF4: 5261.2499 | BG4: 5776.3006 | BH4: 6736.9597 | BI4: 6437.4898 | BJ4: 9011.035 | BK4: 10267.634 | BL4: 10863.912 | BM4: 11811.182 | BN4: 13426.905 | BO4: 13425.774 | BP4: 13214.964 | BQ4: 14299.038 | BR4: 15255.18 | BS4: 16171.937 | BT4: 17650.753 | BU4: 16453.721 | BV4: 18336.239 | BW4: 16432.214 | BX4: 16871.126 | BY4: 18024.179 | BZ4: 19390.64 | CA4: 18696.302 | CB4: 19169.053 | CC4: 18736.379 | CD4: 19756.723 | CE4: 21018.336 | CF4: 19752.246 | CG4: 19101.915 | CH4: 23332.946 | CI4: 20973.172 | CJ4: 22667.205 | CK4: 24745.498 | CL4: 23439.128 | CM4: 23912.582 | CN4: 26317.415 | CO4: 23795.668
A5: Chaco | B5: 943.19063 | C5: 818.72453 | D5: 782.58334 | E5: 818.9958 | F5: 857.96345 | G5: 863.77643 | H5: 957.18627 | I5: 996.65939 | J5: 1123.2953 | K5: 1029.489 | L5: 1124.0601 | M5: 1100.6442 | N5: 1485.2558 | O5: 1276.2675 | P5: 1118.5462 | Q5: 1069.9301 | R5: 1163.6956 | S5: 1350.1275 | T5: 1391.051 | U5: 1513.0975 | V5: 1461.0965 | W5: 1539.3247 | X5: 1662.7819 | Y5: 1670.8209 | Z5: 1925.7438 | AA5: 1789.9781 | AB5: 1882.1981 | AC5: 2078.5863 | AD5: 2150.7314 | AE5: 2283.7712 | AF5: 2605.7492 | AG5: 2691.6792 | AH5: 2681.1452 | AI5: 2805.7675 | AJ5: 2920.6716 | AK5: 3085.2588 | AL5: 3237.8941 | AM5: 2991.5296 | AN5: 3189.0974 | AO5: 3529.3747 | AP5: 4049.7521 | AQ5: 4338.3328 | AR5: 4807.0841 | AS5: 4847.1947 | AT5: 5109.042 | AU5: 5587.2009 | AV5: 5722.5897 | AW5: 6064.6241 | AX5: 6802.7267 | AY5: 6086.9462 | AZ5: 6865.2451 | BA5: 7228.3 | BB5: 8379.0532 | BC5: 9075.2492 | BD5: 10044.571 | BE5: 10796.275 | BF5: 11724.879 | BG5: 13048.568 | BH5: 13522.498 | BI5: 14608.816 | BJ5: 17662.119 | BK5: 18712.617 | BL5: 20464.553 | BM5: 21457.625 | BN5: 23370.478 | BO5: 26239.646 | BP5: 29697.472 | BQ5: 31673.721 | BR5: 32970.863 | BS5: 32378.983 | BT5: 33978.016 | BU5: 34515.384 | BV5: 38571.273 | BW5: 35800.391 | BX5: 33753.801 | BY5: 35555.397 | BZ5: 38779.88 | CA5: 38588.46 | CB5: 41110.003 | CC5: 42942.838 | CD5: 41390.69 | CE5: 42603.927 | CF5: 42263.135 | CG5: 45503.304 | CH5: 53382.838 | CI5: 47320.405 | CJ5: 43880.078 | CK5: 45869.569 | CL5: 46798.855 | CM5: 50190.389 | CN5: 56675.629 | CO5: 55139.167
A6: Chubut (*) | B6: 1222 | C6: 1085 | D6: 1124 | E6: 1197 | F6: 1280 | G6: 1168 | H6: 1252 | I6: 1374 | J6: 1357 | K6: 1528 | L6: 1551 | M6: 1402 | N6: 1571 | O6: 1629 | P6: 1456 | Q6: 1233 | R6: 1184 | S6: 1281 | T6: 1232 | U6: 1258 | V6: 1629 | W6: 1809 | X6: 1837 | Y6: 1841 | Z6: 2198 | AA6: 2051 | AB6: 2238 | AC6: 2440 | AD6: 2584 | AE6: 2666 | AF6: 2836 | AG6: 2892 | AH6: 3045 | AI6: 2914 | AJ6: 3058 | AK6: 3263 | AL6: 3566 | AM6: 3135 | AN6: 3362 | AO6: 3780 | AP6: 3750 | AQ6: 4012 | AR6: 4956 | AS6: 5054 | AT6: 5519 | AU6: 5535 | AV6: 5974 | AW6: 6719 | AX6: 7897 | AY6: 7214 | AZ6: 7706 | BA6: 8881 | BB6: 9289 | BC6: 8982 | BD6: 10751 | BE6: 12540 | BF6: 13022 | BG6: 15184 | BH6: 14835 | BI6: 16742 | BJ6: 24429 | BK6: 28165 | BL6: 27403 | BM6: 29604 | BN6: 31552 | BO6: 36380 | BP6: 34156 | BQ6: 36408 | BR6: 36669 | BS6: 38223 | BT6: 40722 | BU6: 42342 | BV6: 48609 | BW6: 44540 | BX6: 43308 | BY6: 44639 | BZ6: 46392 | CA6: 47642 | CB6: 51893 | CC6: 53369 | CD6: 52717 | CE6: 57672 | CF6: 51628 | CG6: 58194 | CH6: 74710 | CI6: 57269 | CJ6: 61598 | CK6: 60290 | CL6: 59655 | CM6: 60048 | CN6: 70301 | CO6: 65116
A7: Córdoba | B7: 6585.9407 | C7: 7664.4591 | D7: 7094.6232 | E7: 6748.7779 | F7: 7553.7562 | G7: 6635.7543 | H7: 7149.6188 | I7: 7865.0804 | J7: 8016.4446 | K7: 8129.8389 | L7: 8268.1295 | M7: 8253.8274 | N7: 9876.9331 | O7: 11322.622 | P7: 8859.1569 | Q7: 8084.6302 | R7: 8847.988 | S7: 8979.0266 | T7: 9488.1881 | U7: 10227.535 | V7: 10582.196 | W7: 10667.068 | X7: 11104.672 | Y7: 11686.009 | Z7: 13846.633 | AA7: 15614.328 | AB7: 14801.589 | AC7: 15217.281 | AD7: 18041.554 | AE7: 15141.908 | AF7: 15974.797 | AG7: 17612.127 | AH7: 17832.914 | AI7: 17677.322 | AJ7: 19022.433 | AK7: 20047.551 | AL7: 22140.842 | AM7: 23798.769 | AN7: 22781.034 | AO7: 24113.036 | AP7: 30462.202 | AQ7: 26544.985 | AR7: 29032.784 | AS7: 30275.892 | AT7: 32125.77 | AU7: 32522.375 | AV7: 34068.874 | AW7: 35045.644 | AX7: 40879.493 | AY7: 41500.307 | AZ7: 44257.502 | BA7: 45597.55 | BB7: 59047.401 | BC7: 53704.885 | BD7: 57695.852 | BE7: 65144.968 | BF7: 70728.438 | BG7: 81074.467 | BH7: 87434.108 | BI7: 94216.66 | BJ7: 131734.59 | BK7: 175734.52 | BL7: 165774.69 | BM7: 169084.83 | BN7: 177016.29 | BO7: 182312.1 | BP7: 181787.92 | BQ7: 207233.27 | BR7: 210689.99 | BS7: 212882.65 | BT7: 219549.52 | BU7: 218358.02 | BV7: 250196.69 | BW7: 327689.1 | BX7: 278105.96 | BY7: 272980.68 | BZ7: 312489.53 | CA7: 291838.36 | CB7: 305415.29 | CC7: 323243.17 | CD7: 302231.79 | CE7: 316399.69 | CF7: 300963.03 | CG7: 352803.02 | CH7: 379862.65 | CI7: 382541.59 | CJ7: 374801.15 | CK7: 378991.5 | CL7: 414439.31 | CM7: 368427.54 | CN7: 359489.66 | CO7: 363399.77
A8: Corrientes | B8: s.d | C8: s.d | D8: s.d | E8: s.d | F8: s.d | G8: s.d | H8: s.d | I8: s.d | J8: s.d | K8: s.d | L8: s.d | M8: s.d | N8: s.d | O8: s.d | P8: s.d | Q8: s.d | R8: s.d | S8: s.d | T8: s.d | U8: s.d | V8: s.d | W8: s.d | X8: s.d | Y8: s.d | Z8: s.d | AA8: s.d | AB8: s.d | AC8: s.d | AD8: s.d | AE8: s.d | AF8: s.d | AG8: s.d | AH8: s.d | AI8: s.d | AJ8: s.d | AK8: s.d | AL8: s.d | AM8: s.d | AN8: s.d | AO8: s.d | AP8: s.d | AQ8: s.d | AR8: s.d | AS8: s.d | AT8: s.d | AU8: s.d | AV8: s.d | AW8: s.d | AX8: s.d | AY8: s.d | AZ8: s.d | BA8: s.d | BB8: s.d | BC8: s.d | BD8: s.d | BE8: s.d | BF8: s.d | BG8: s.d | BH8: s.d | BI8: s.d | BJ8: 14072.429 | BK8: 15169.561 | BL8: 15588.337 | BM8: 18501.482 | BN8: 19399.699 | BO8: 20058.657 | BP8: 20858.851 | BQ8: 25006.505 | BR8: 24621.062 | BS8: 24934.117 | BT8: 26185.131 | BU8: 26301.25 | BV8: 28734.35 | BW8: 28538.73 | BX8: 27917.88 | BY8: 32056.739 | BZ8: 30922.658 | CA8: 31354.435 | CB8: 31063.301 | CC8: 34884.768 | CD8: 33979.573 | CE8: 33639.37 | CF8: 32248.958 | CG8: 33021.938 | CH8: 36675.858 | CI8: 34887.552 | CJ8: 34282.887 | CK8: 42881.275 | CL8: 37981.387 | CM8: 40071.712 | CN8: 39408.301
A9: Entre Ríos | B9: 1680.9501 | C9: 1941.4 | D9: 2111.4665 | E9: 2617.1183 | F9: 2167.2347 | G9: 2167.6922 | H9: 2216.7487 | I9: 2094.3213 | J9: 2302.6836 | K9: 2639.4532 | L9: 2373.2331 | M9: 2648.7049 | N9: 2246.9604 | O9: 2949.8367 | P9: 2653.1327 | Q9: 1776.2469 | R9: 2934.1221 | S9: 2920.2885 | T9: 3042.3672 | U9: 2996.4383 | V9: 3113.9528 | W9: 3548.9809 | X9: 3334.6137 | Y9: 3720.55 | Z9: 3249.9962 | AA9: 4285.625 | AB9: 4509.8594 | AC9: 4917.94 | AD9: 4336.2042 | AE9: 4872.0617 | AF9: 5210.3001 | AG9: 5322.2983 | AH9: 5594.576 | AI9: 6138.5916 | AJ9: 5841.1216 | AK9: 6447.5619 | AL9: 5561.6081 | AM9: 6477.5281 | AN9: 7234.9761 | AO9: 5949.2095 | AP9: 8561.0631 | AQ9: 7740.7778 | AR9: 8313.6694 | AS9: 8517.8939 | AT9: 9285.1764 | AU9: 10181.953 | AV9: 9756.207 | AW9: 11026.197 | AX9: 10372.882 | AY9: 11700.825 | AZ9: 13869.089 | BA9: 11799.974 | BB9: 16205.684 | BC9: 15554.159 | BD9: 16586.754 | BE9: 18799.919 | BF9: 21294.818 | BG9: 23421.449 | BH9: 25176.721 | BI9: 27684.134 | BJ9: 32376.141 | BK9: 33136.792 | BL9: 36260.871 | BM9: 47202.371 | BN9: 61325.902 | BO9: 50751.624 | BP9: 60662.572 | BQ9: 56630.649 | BR9: 60155.662 | BS9: 59172.592 | BT9: 61164.082 | BU9: 62273.921 | BV9: 60611.284 | BW9: 56926.821 | BX9: 73431.183 | BY9: 75444.238 | BZ9: 94545.994 | CA9: 77348.22 | CB9: 90239.405 | CC9: 83455.127 | CD9: 92340.689 | CE9: 98257.182 | CF9: 88651.525 | CG9: 97364.229 | CH9: 87247.695 | CI9: 97862.767 | CJ9: 85205.289 | CK9: 120566.05 | CL9: 125713.91 | CM9: 100416.75 | CN9: 118601.24 | CO9: 104652.42
A10: Formosa | B10: 265.12981 | C10: 289.66041 | D10: 280.26161 | E10: 293.85058 | F10: 310.13555 | G10: 315.60277 | H10: 307.62959 | I10: 345.44647 | J10: 350.7291 | K10: 338.05382 | L10: 366.10381 | M10: 366.11215 | N10: 367.19862 | O10: 382.36475 | P10: 360.59382 | Q10: 312.33454 | R10: 314.07284 | S10: 371.68994 | T10: 402.6653 | U10: 441.64964 | V10: 456.53456 | W10: 488.30648 | X10: 524.19867 | Y10: 547.65932 | Z10: 588.86293 | AA10: 581.38934 | AB10: 705.41543 | AC10: 746.75 | AD10: 738.98284 | AE10: 722.70508 | AF10: 779.04661 | AG10: 906.35619 | AH10: 975.10468 | AI10: 976.36244 | AJ10: 1077.4853 | AK10: 1055.1583 | AL10: 1192.5463 | AM10: 1074.5273 | AN10: 1177.5424 | AO10: 1358.6219 | AP10: 1417.772 | AQ10: 1474.5474 | AR10: 1715.8009 | AS10: 1775.9435 | AT10: 1999.5665 | AU10: 1936.2196 | AV10: 2040.916 | AW10: 2266.2684 | AX10: 2355.1659 | AY10: 2288.6544 | AZ10: 2583.4852 | BA10: 2773.5361 | BB10: 2971.1808 | BC10: 3215.3233 | BD10: 3632.4131 | BE10: 4076.2093 | BF10: 4345.6831 | BG10: 4449.8718 | BH10: 4806.7261 | BI10: 5257.1045 | BJ10: 5779.3639 | BK10: 5536.7562 | BL10: 6893.4582 | BM10: 6796.8086 | BN10: 7773.0872 | BO10: 9150.8299 | BP10: 8812.8325 | BQ10: 11039.93 | BR10: 10508.739 | BS10: 10550.935 | BT10: 11299.271 | BU10: 11901.648 | BV10: 11602.109 | BW10: 12973.399 | BX10: 12691.8 | BY10: 13214.463 | BZ10: 13786.964 | CA10: 13852.899 | CB10: 14213.32 | CC10: 15435.059 | CD10: 14849.635 | CE10: 15396.371 | CF10: 14386.098 | CG10: 15015.557 | CH10: 15622.652 | CI10: 15311.048 | CJ10: 15059.392 | CK10: 16479.303 | CL10: 19054.415 | CM10: 18901.155 | CN10: 19011.315 | CO10: 20484.743
A11: Jujuy | B11: 547.199 | C11: 588.032 | D11: 516.964 | E11: 477.593 | F11: 509 | G11: 502.958 | H11: 500.857 | I11: 558.3 | J11: 595.404 | K11: 639.307 | L11: 597.543 | M11: 631.906 | N11: 685.064 | O11: 792.138 | P11: 603.247 | Q11: 444.43 | R11: 567.638 | S11: 566.459 | T11: 584.344 | U11: 625.467 | V11: 617.479 | W11: 748.812 | X11: 752.858 | Y11: 830.23824 | Z11: 1054.806 | AA11: 1133.634 | AB11: 1211.4612 | AC11: 1196.1296 | AD11: 1158.177 | AE11: 1313.8381 | AF11: 1343.6981 | AG11: 1426.6937 | AH11: 1481.9906 | AI11: 1512.4325 | AJ11: 1599.4275 | AK11: 1714.9384 | AL11: 1940.9647 | AM11: 1981.6039 | AN11: 1946.0316 | AO11: 2025.4289 | AP11: 2188.0386 | AQ11: 2214.2971 | AR11: 2677.0736 | AS11: 2844.938 | AT11: 2826.4303 | AU11: 3028.5259 | AV11: 3221.5358 | AW11: 3413.1883 | AX11: 4342.8114 | AY11: 4231.9188 | AZ11: 4638.1725 | BA11: 4749.5222 | BB11: 4914.75 | BC11: 5013.9706 | BD11: 5930.2528 | BE11: 6333.8061 | BF11: 7280.763 | BG11: 8053.3988 | BH11: 8486.3787 | BI11: 9559.4508 | BJ11: 13847.018 | BK11: 13415.881 | BL11: 13785.8 | BM11: 14587.581 | BN11: 14808.386 | BO11: 15539.573 | BP11: 17166.977 | BQ11: 17819.381 | BR11: 19578.117 | BS11: 19739.948 | BT11: 20863.954 | BU11: 21305.762 | BV11: 23788.554 | BW11: 24996.322 | BX11: 22963.229 | BY11: 23465.508 | BZ11: 24755.611 | CA11: 24521.851 | CB11: 26412.351 | CC11: 29943.939 | CD11: 27026.134 | CE11: 29913.57 | CF11: 28170.328 | CG11: 29767.191 | CH11: 32644.881 | CI11: 32655.193 | CJ11: 34438.588 | CK11: 34964.22 | CL11: 33839.98 | CM11: 34647.516 | CN11: 37388.89 | CO11: 38939.414
A12: La Pampa | B12: s.d | C12: s.d | D12: s.d | E12: s.d | F12: s.d | G12: s.d | H12: s.d | I12: s.d | J12: s.d | K12: s.d | L12: s.d | M12: s.d | N12: s.d | O12: s.d | P12: s.d | Q12: s.d | R12: s.d | S12: s.d | T12: s.d | U12: s.d | V12: s.d | W12: s.d | X12: s.d | Y12: s.d | Z12: s.d | AA12: s.d | AB12: s.d | AC12: s.d | AD12: s.d | AE12: s.d | AF12: s.d | AG12: s.d | AH12: s.d | AI12: s.d | AJ12: s.d | AK12: s.d | AL12: s.d | AM12: s.d | AN12: s.d | AO12: s.d | AP12: s.d | AQ12: s.d | AR12: s.d | AS12: s.d | AT12: s.d | AU12: s.d | AV12: s.d | AW12: s.d | AX12: s.d | AY12: s.d | AZ12: s.d | BA12: s.d | BB12: s.d | BC12: s.d | BD12: s.d | BE12: s.d | BF12: s.d | BG12: s.d | BH12: s.d | BI12: s.d | BJ12: 17276.514 | BK12: 18036.229 | BL12: 17227.129 | BM12: 21474.241 | BN12: 20830.442 | BO12: 22999.327 | BP12: 25596.088 | BQ12: 26079.003 | BR12: 26582.928 | BS12: 27342.312 | BT12: 27041.647 | BU12: 36962.117 | BV12: 30619.836 | BW12: 29182.77 | BX12: 26938.104 | BY12: 33237.304 | BZ12: 32327.648 | CA12: 37856.425 | CB12: 37527.368 | CC12: 40021.025 | CD12: 41342.063 | CE12: 40010.083 | CF12: 35329.226 | CG12: 46704.531 | CH12: 42621.86 | CI12: 31483.763 | CJ12: 43979.383 | CK12: 45879.785 | CL12: 43696.355 | CM12: 54782.982 | CN12: 51983.235
A13: La Rioja | B13: 220.49854 | C13: 202.4897 | D13: 254.44622 | E13: 234.5311 | F13: 212.3326 | G13: 218.98995 | H13: 230.45788 | I13: 270.04676 | J13: 295.33083 | K13: 258.45885 | L13: 285.02929 | M13: 274.54019 | N13: 303.97125 | O13: 268.8511 | P13: 301.29659 | Q13: 228.64098 | R13: 251.0557 | S13: 259.95329 | T13: 293.88728 | U13: 287.85867 | V13: 293.2186 | W13: 334.53231 | X13: 364.55918 | Y13: 390.61597 | Z13: 497.21247 | AA13: 491.97551 | AB13: 620.74091 | AC13: 625.09 | AD13: 520.07515 | AE13: 574.51548 | AF13: 588.83318 | AG13: 623.51575 | AH13: 665.55702 | AI13: 676.92737 | AJ13: 729.87197 | AK13: 826.46441 | AL13: 850.13047 | AM13: 735.81119 | AN13: 1026.717 | AO13: 937.41675 | AP13: 956.37365 | AQ13: 1041.7753 | AR13: 1144.2198 | AS13: 1248.0487 | AT13: 1353.087 | AU13: 1402.346 | AV13: 1555.3686 | AW13: 1710.8127 | AX13: 1596.089 | AY13: 1454.7067 | AZ13: 2122.6989 | BA13: 2068.3747 | BB13: 2217.354 | BC13: 2335.418 | BD13: 2631.7946 | BE13: 2887.6074 | BF13: 3138.7155 | BG13: 3301.021 | BH13: 3672.532 | BI13: 4090.8856 | BJ13: 4903.4843 | BK13: 5498.7073 | BL13: 5739.3065 | BM13: 7403.6915 | BN13: 7045.9435 | BO13: 7530.1238 | BP13: 9093.565 | BQ13: 9792.3247 | BR13: 9682.7452 | BS13: 11158.491 | BT13: 12451.678 | BU13: 11104.731 | BV13: 13522.496 | BW13: 10991.777 | BX13: 12293.221 | BY13: 13050.151 | BZ13: 12269.84 | CA13: 12730.91 | CB13: 13484.955 | CC13: 14285.074 | CD13: 14454.318 | CE13: 13519.559 | CF13: 13221.419 | CG13: 13152.455 | CH13: 14321.043 | CI13: 13051.323 | CJ13: 13989.347 | CK13: 16147.244 | CL13: 14921.64 | CM13: 15666.104 | CN13: 15715.307 | CO13: 14775.599
A14: Mendoza | B14: 2654.6071 | C14: 3322.7704 | D14: 3379.5221 | E14: 3022.0492 | F14: 3191.0418 | G14: 3125.7417 | H14: 3148.6822 | I14: 3615.5066 | J14: 3658.5221 | K14: 3480.1549 | L14: 3662.2591 | M14: 3593.6653 | N14: 3701.5021 | O14: 5089.1465 | P14: 4064.999 | Q14: 3445.0553 | R14: 3273.5088 | S14: 3605.0188 | T14: 3709.079 | U14: 4420.6864 | V14: 4004.3499 | W14: 4080.6743 | X14: 4550.3858 | Y14: 4707.8059 | Z14: 5153.2849 | AA14: 6384.4011 | AB14: 6281.7492 | AC14: 6010.95 | AD14: 5585.4488 | AE14: 6017.1139 | AF14: 6265.1644 | AG14: 6622.0224 | AH14: 6897.8879 | AI14: 6678.0753 | AJ14: 7418.4775 | AK14: 8481.6238 | AL14: 8315.8929 | AM14: 10093.343 | AN14: 9715.249 | AO14: 10209.087 | AP14: 10769.665 | AQ14: 10775.755 | AR14: 12089.386 | AS14: 13337.815 | AT14: 13523.055 | AU14: 13594.322 | AV14: 14914.458 | AW14: 15838.626 | AX14: 17219.976 | AY14: 20566.551 | AZ14: 21463.657 | BA14: 21220.149 | BB14: 23380.122 | BC14: 24235.459 | BD14: 27218.895 | BE14: 29857.767 | BF14: 33308.182 | BG14: 38692.511 | BH14: 41831.861 | BI14: 44472.629 | BJ14: 54795.948 | BK14: 67755.375 | BL14: 75632.75 | BM14: 71490.94 | BN14: 80071.236 | BO14: 80663.272 | BP14: 83780.008 | BQ14: 89205.702 | BR14: 92967.374 | BS14: 96482.881 | BT14: 100939.29 | BU14: 101478.45 | BV14: 99612.37 | BW14: 117091.6 | BX14: 113045.83 | BY14: 102462.79 | BZ14: 113545.11 | CA14: 110298.34 | CB14: 116828.98 | CC14: 122983.91 | CD14: 125257.87 | CE14: 127969.26 | CF14: 130521.33 | CG14: 130858.37 | CH14: 137448.57 | CI14: 153257.68 | CJ14: 149737.47 | CK14: 138062.47 | CL14: 145745.16 | CM14: 143398.87 | CN14: 147533.95 | CO14: 149688.89
A15: Misiones | B15: 1480.2683 | C15: 1513.478 | D15: 1392.8079 | E15: 1402.2777 | F15: 1520.2131 | G15: 1549.1988 | H15: 1478.6473 | I15: 1620.6925 | J15: 1626.4598 | K15: 1721.9429 | L15: 1841.3363 | M15: 1766.4831 | N15: 1962.418 | O15: 2266.4886 | P15: 1993.6013 | Q15: 1905.6274 | R15: 2406.4604 | S15: 2702.7676 | T15: 3113.6007 | U15: 3446.1132 | V15: 3268.8012 | W15: 3597.3952 | X15: 3669.3059 | Y15: 3793.1739 | Z15: 4137.5955 | AA15: 4293.601 | AB15: 4394.5662 | AC15: 4967.25 | AD15: 5094.1183 | AE15: 5110.316 | AF15: 5193.5204 | AG15: 5631.2113 | AH15: 6176.4508 | AI15: 6254.6697 | AJ15: 6428.9127 | AK15: 6915.4541 | AL15: 7241.4572 | AM15: 7049.0316 | AN15: 7508.7817 | AO15: 7936.4076 | AP15: 8887.8761 | AQ15: 9617.4843 | AR15: 10219.603 | AS15: 11878.068 | AT15: 12088.429 | AU15: 12131.393 | AV15: 12777.584 | AW15: 13284.126 | AX15: 14172.4 | AY15: 15869.1 | AZ15: 16362.9 | BA15: 16035.1 | BB15: 16961 | BC15: 18533.3 | BD15: 20564.7 | BE15: 24140.8 | BF15: 26029 | BG15: 26223.8 | BH15: 33003.2 | BI15: 38596.5 | BJ15: 45758.197 | BK15: 48111.828 | BL15: 53805.048 | BM15: 57990.191 | BN15: 62161.007 | BO15: 62669.792 | BP15: 65271.246 | BQ15: 74516.346 | BR15: 75467.737 | BS15: 75452.259 | BT15: 77168.52 | BU15: 79512.994 | BV15: 91833.114 | BW15: 84330.22 | BX15: 76553.607 | BY15: 80157.211 | BZ15: 88113.926 | CA15: 86813.425 | CB15: 84082.122 | CC15: 86997.915 | CD15: 81349.013 | CE15: 87335.35 | CF15: 87803.655 | CG15: 86665.551 | CH15: 93313.183 | CI15: 85852.995 | CJ15: 82709.365 | CK15: 93488.756 | CL15: 89293.354 | CM15: 88136.544 | CN15: 93773.817 | CO15: 91239.595
A16: Neuquén | B16: 2847.4762 | C16: 2198.2564 | D16: 2389.17 | E16: 2501.5693 | F16: 3397.3829 | G16: 2806.659 | H16: 3277.3562 | I16: 3533.0431 | J16: 3232.3335 | K16: 3582.9735 | L16: 3765.3136 | M16: 3632.8056 | N16: 3652.7278 | O16: 3789.6034 | P16: 3197.7555 | Q16: 2987.9174 | R16: 2345.2243 | S16: 2165.6041 | T16: 3152.1708 | U16: 3138.0957 | V16: 3026.6374 | W16: 3238.5784 | X16: 3635.7763 | Y16: 3717.5496 | Z16: 4896.8663 | AA16: 4505.6971 | AB16: 4919.055 | AC16: 5155.3307 | AD16: 4798.8317 | AE16: 5290.8628 | AF16: 6054.5973 | AG16: 6318.0631 | AH16: 6670.4582 | AI16: 6229.6581 | AJ16: 6420.1347 | AK16: 7050.432 | AL16: 7596.4672 | AM16: 6853.6995 | AN16: 7141.2996 | AO16: 8415.2639 | AP16: 9190.6054 | AQ16: 9241.1376 | AR16: 11770.33 | AS16: 12079.551 | AT16: 12490.249 | AU16: 12909.354 | AV16: 13437.24 | AW16: 14485.159 | AX16: 17989.949 | AY16: 16263.377 | AZ16: 17372.569 | BA16: 19718.766 | BB16: 21772.379 | BC16: 22384.366 | BD16: 26519.098 | BE16: 30087.603 | BF16: 32118.478 | BG16: 38637.34 | BH16: 36487.845 | BI16: 37463.526 | BJ16: 68141.755 | BK16: 72565.317 | BL16: 76596.929 | BM16: 80629.471 | BN16: 90127.321 | BO16: 94216.896 | BP16: 104523.02 | BQ16: 108190.68 | BR16: 125091.58 | BS16: 111713.51 | BT16: 112021.56 | BU16: 110011.13 | BV16: 132242.29 | BW16: 122427.88 | BX16: 116394.98 | BY16: 129950.94 | BZ16: 133207.99 | CA16: 145088.73 | CB16: 156773.09 | CC16: 160819.83 | CD16: 168670.01 | CE16: 164219.27 | CF16: 151340.88 | CG16: 164624 | CH16: 176997.61 | CI16: 176514.96 | CJ16: 157384.82 | CK16: 184224.44 | CL16: 204479.09 | CM16: 209871.28 | CN16: 230324.97
A17: Río Negro | B17: 1324.6566 | C17: 1630.9028 | D17: 1147.2546 | E17: 1184.4538 | F17: 1232.1657 | G17: 1178.3371 | H17: 1207.8689 | I17: 1343.7965 | J17: 1375.5198 | K17: 1442.3703 | L17: 1411.0966 | M17: 1523.2278 | N17: 1967.1774 | O17: 2124.791 | P17: 1555.6569 | Q17: 1121.9924 | R17: 1102.4436 | S17: 1203.6253 | T17: 1383.9471 | U17: 1505.5717 | V17: 1512.4649 | W17: 1642.3343 | X17: 1756.3908 | Y17: 1799.876 | Z17: 2303.9671 | AA17: 2861.5173 | AB17: 2442.834 | AC17: 2455.16 | AD17: 2176.7806 | AE17: 2125.3813 | AF17: 2452.8934 | AG17: 2565.2607 | AH17: 2524.1343 | AI17: 2660.6238 | AJ17: 2984.3764 | AK17: 3098.2916 | AL17: 3829.288 | AM17: 3949.2045 | AN17: 4286.2149 | AO17: 4039.2685 | AP17: 3849.4799 | AQ17: 3700.9794 | AR17: 4262.6681 | AS17: 4639.4309 | AT17: 5160.9727 | AU17: 5037.6942 | AV17: 5366.5947 | AW17: 5901.9457 | AX17: 7422.8277 | AY17: 8379.237 | AZ17: 9093.9017 | BA17: 8293.4907 | BB17: 8567.7953 | BC17: 8269.2981 | BD17: 9659.455 | BE17: 10700.479 | BF17: 11783.723 | BG17: 12694.526 | BH17: 13606.076 | BI17: 15763.067 | BJ17: 25163.55 | BK17: 31350.646 | BL17: 25534.959 | BM17: 27150.845 | BN17: 29778.764 | BO17: 32854.673 | BP17: 36882.722 | BQ17: 38731.261 | BR17: 40089.187 | BS17: 37685.792 | BT17: 40433.11 | BU17: 44826.245 | BV17: 56473.51 | BW17: 67540.94 | BX17: 51236.451 | BY17: 48664.985 | BZ17: 57412.027 | CA17: 55193.543 | CB17: 57388.885 | CC17: 62748.163 | CD17: 62074.632 | CE17: 61885.414 | CF17: 59364.521 | CG17: 66532.219 | CH17: 83827.531 | CI17: 89190.592 | CJ17: 76099.696 | CK17: 71811.17 | CL17: 71599.65 | CM17: 75539.21 | CN17: 82330.258 | CO17: 82280.402
A18: Salta | B18: 1169.3478 | C18: 1180.7292 | D18: 1159.9322 | E18: 1347.6971 | F18: 1382.4959 | G18: 1500.9623 | H18: 1556.5573 | I18: 1714.0148 | J18: 1825.2967 | K18: 1715.7606 | L18: 1880.8625 | M18: 1774.0141 | N18: 2014.8081 | O18: 1839.4487 | P18: 1826.4339 | Q18: 1388.7376 | R18: 1502.8299 | S18: 1677.6969 | T18: 1910.0837 | U18: 2137.0215 | V18: 2095.7213 | W18: 2319.4423 | X18: 2328.1058 | Y18: 2296.1676 | Z18: 2652.2477 | AA18: 2518.1085 | AB18: 2703.4356 | AC18: 2859.9441 | AD18: 2963.9705 | AE18: 3306.7585 | AF18: 3452.2351 | AG18: 4089.3783 | AH18: 4442.9781 | AI18: 4259.0914 | AJ18: 4231.4443 | AK18: 4145.0579 | AL18: 4270.9328 | AM18: 4042.7792 | AN18: 4407.606 | AO18: 5043.1777 | AP18: 5449.4522 | AQ18: 5947.5891 | AR18: 6682.0587 | AS18: 7953.6279 | AT18: 7774.6873 | AU18: 7939.0715 | AV18: 8316.0494 | AW18: 8192.6316 | AX18: 9600.8137 | AY18: 8902.9495 | AZ18: 10014.578 | BA18: 11314.803 | BB18: 12098.695 | BC18: 13092.791 | BD18: 16046.504 | BE18: 16992.156 | BF18: 19306.971 | BG18: 20990.408 | BH18: 24611.026 | BI18: 26229.64 | BJ18: 33077.479 | BK18: 35302.056 | BL18: 39916.41 | BM18: 45554.015 | BN18: 46481.372 | BO18: 44885.462 | BP18: 49807.082 | BQ18: 54930.063 | BR18: 60139.648 | BS18: 57731.78 | BT18: 58592.867 | BU18: 55505.783 | BV18: 60153.134 | BW18: 55472.584 | BX18: 54063.231 | BY18: 57345.301 | BZ18: 62962.882 | CA18: 59418.651 | CB18: 64443.2 | CC18: 72990.569 | CD18: 69516.544 | CE18: 70108.174 | CF18: 70935.287 | CG18: 68239.04 | CH18: 74925.56 | CI18: 69849.51 | CJ18: 65839.419 | CK18: 73188.314 | CL18: 73484.371 | CM18: 72664.727
A19: San Juan | B19: 624.80101 | C19: 634.31884 | D19: 758.96051 | E19: 773.9022 | F19: 679.81375 | G19: 723.32116 | H19: 701.46833 | I19: 787.23358 | J19: 769.26413 | K19: 773.88586 | L19: 848.53484 | M19: 784.8808 | N19: 887.89424 | O19: 828.19658 | P19: 815.3803 | Q19: 861.71881 | R19: 926.35448 | S19: 868.02105 | T19: 902.53426 | U19: 924.31605 | V19: 908.82817 | W19: 983.87271 | X19: 1032.4924 | Y19: 1154.1002 | Z19: 1225.7036 | AA19: 1350.9958 | AB19: 1616.8804 | AC19: 1479.7234 | AD19: 1341.365 | AE19: 1499.8688 | AF19: 1602.015 | AG19: 1657.4475 | AH19: 1746.5789 | AI19: 1778.6048 | AJ19: 1853.5328 | AK19: 1818.6748 | AL19: 2010.0601 | AM19: 2042.3951 | AN19: 2777.6215 | AO19: 2361.9243 | AP19: 2462.1237 | AQ19: 2519.801 | AR19: 2974.9862 | AS19: 3092.356 | AT19: 3105.578 | AU19: 3176.9232 | AV19: 3357.2242 | AW19: 3524.5798 | AX19: 4043.4619 | AY19: 4224.1914 | AZ19: 5647.8691 | BA19: 4904.0509 | BB19: 5456.5434 | BC19: 5713.4857 | BD19: 6280.174 | BE19: 6625.0438 | BF19: 7438.5272 | BG19: 8439.4702 | BH19: 9086.3296 | BI19: 9897.5559 | BJ19: 12437.58 | BK19: 13552.964 | BL19: 14498.824 | BM19: 15480.849 | BN19: 20766.798 | BO19: 17598.517 | BP19: 19490.157 | BQ19: 19606.065 | BR19: 19369.609 | BS19: 19394.879 | BT19: 20375.342 | BU19: 20368.915 | BV19: 22974.744 | BW19: 23126.546 | BX19: 22596.199 | BY19: 25763.443 | BZ19: 29749.597 | CA19: 26396.141 | CB19: 26741.253 | CC19: 28027.663 | CD19: 27990.36 | CE19: 29273.654 | CF19: 28915.158 | CG19: 30939.242 | CH19: 32832.145 | CI19: 31578.629 | CJ19: 31134.188 | CK19: 37756.975 | CL19: 33619.391 | CM19: 34316.313 | CN19: 33374.642 | CO19: 34548.322
A20: San Luis | B20: 640.84076 | C20: 636.35216 | D20: 667.91843 | E20: 702.29081 | F20: 727.32579 | G20: 719.5851 | H20: 709.35345 | I20: 789.21072 | J20: 829.84698 | K20: 806.72742 | L20: 865.1503 | M20: 871.31841 | N20: 864.45254 | O20: 859.14729 | P20: 872.82511 | Q20: 671.99665 | R20: 728.25907 | S20: 995.35299 | T20: 1118.7686 | U20: 1055.1459 | V20: 975.98267 | W20: 1030.7814 | X20: 1069.6848 | Y20: 1169.4418 | Z20: 1336.9945 | AA20: 1246.1036 | AB20: 1416.9746 | AC20: 1526.8476 | AD20: 1444.4712 | AE20: 1528.5914 | AF20: 1686.4183 | AG20: 1770.4807 | AH20: 1763.5369 | AI20: 1792.4366 | AJ20: 1927.445 | AK20: 2019.2871 | AL20: 2134.2494 | AM20: 2100.7482 | AN20: 2636.72 | AO20: 2448.9312 | AP20: 2629.0623 | AQ20: 2702.3342 | AR20: 2962.7803 | AS20: 3078.1382 | AT20: 3419.7188 | AU20: 3367.9164 | AV20: 3641.9455 | AW20: 3678.5025 | AX20: 4054.6082 | AY20: 4672.7675 | AZ20: 5217.8634 | BA20: 4894.6575 | BB20: 5501.2707 | BC20: 5720.6009 | BD20: 6243.6704 | BE20: 6995.7925 | BF20: 7680.6667 | BG20: 7997.6061 | BH20: 9435.7048 | BI20: 10081.01 | BJ20: 12959.623 | BK20: 13909.493 | BL20: 18170.129 | BM20: 15923.332 | BN20: 18843.292 | BO20: 18484.995 | BP20: 20395.358 | BQ20: 20969.095 | BR20: 20875.737 | BS20: 21055.384 | BT20: 23009.467 | BU20: 23846.132 | BV20: 25661.234 | BW20: 25455.286 | BX20: 31012.033 | BY20: 24380.004 | BZ20: 26158.692 | CA20: 26438.972 | CB20: 28621.589 | CC20: 29151.964 | CD20: 28235.575 | CE20: 28739.312 | CF20: 30341.148 | CG20: 32192.86 | CH20: 32925.768 | CI20: 42241.453 | CJ20: 35732.659 | CK20: 33109.847 | CL20: 33714.644 | CM20: 34436.175 | CN20: 35822.841 | CO20: 37869.764
A21: Santa Cruz | B21: 849.99489 | C21: 807.43581 | D21: 806.54163 | E21: 877.75055 | F21: 968.35065 | G21: 933.33398 | H21: 934.31273 | I21: 1010.1422 | J21: 1001.4313 | K21: 1088.611 | L21: 1216.7367 | M21: 1159.978 | N21: 1226.7127 | O21: 1144.8662 | P21: 1046.4484 | Q21: 1020.4459 | R21: 811.44042 | S21: 740.60141 | T21: 915.22951 | U21: 1072.242 | V21: 1000.5976 | W21: 1162.8907 | X21: 1331.9159 | Y21: 1164.0634 | Z21: 1487.033 | AA21: 1355.6979 | AB21: 1479.0204 | AC21: 1701.2 | AD21: 1703.8889 | AE21: 1741.8349 | AF21: 1849.8895 | AG21: 2066.0477 | AH21: 2106.2826 | AI21: 2180.9836 | AJ21: 2299.1607 | AK21: 2438.8117 | AL21: 2613.7678 | AM21: 2443.8599 | AN21: 2591.3146 | AO21: 2807.9053 | AP21: 2820.3012 | AQ21: 3085.925 | AR21: 3528.67 | AS21: 3629.0506 | AT21: 3886.4423 | AU21: 3811.6051 | AV21: 4215.6751 | AW21: 4727.0807 | AX21: 5210.8828 | AY21: 4789.7818 | AZ21: 5630.9383 | BA21: 6094.3916 | BB21: 6832.6816 | BC21: 6749.6946 | BD21: 8297.3041 | BE21: 8161.3727 | BF21: 8055.354 | BG21: 10539.688 | BH21: 10620.238 | BI21: 11303.645 | BJ21: 16792.703 | BK21: 19241.012 | BL21: 20136.528 | BM21: 21451.646 | BN21: 22735.282 | BO21: 23281.262 | BP21: 24987.495 | BQ21: 25073.661 | BR21: 25940.614 | BS21: 27900.631 | BT21: 30094.342 | BU21: 28737.455 | BV21: 33072.018 | BW21: 31133.807 | BX21: 29451.352 | BY21: 29573.809 | BZ21: 32518.858 | CA21: 30020.014 | CB21: 31220.256 | CC21: 31945.6 | CD21: 31228.14 | CE21: 32420.4 | CF21: 32767.792 | CG21: 35314.14 | CH21: 47808.716 | CI21: 37598.47 | CJ21: 34312.263 | CK21: 39377.533 | CL21: 38356.291 | CM21: 40858.736 | CN21: 39842.874
A22: Santa Fe | B22: 4921.3025 | C22: 5760.2067 | D22: 4968.673 | E22: 5498.7 | F22: 5682.0237 | G22: 5855.9942 | H22: 5752.9442 | I22: 6535.8314 | J22: 6803.2927 | K22: 6872.25 | L22: 7493.72 | M22: 7630.89 | N22: 7303.41 | O22: 8487.59 | P22: 6785.33 | Q22: 6211.6 | R22: 7621.62 | S22: 8479.99 | T22: 9269.6 | U22: 9522.31 | V22: 9339.33 | W22: 9712.71 | X22: 10446.21 | Y22: 9729.4 | Z22: 10405.9 | AA22: 11997.46 | AB22: 11015.29 | AC22: 12087.11 | AD22: 12872.72 | AE22: 13612.13 | AF22: 13703.47 | AG22: 14639.97 | AH22: 15087.14 | AI22: 15041.5 | AJ22: 16231.61 | AK22: 16582.57 | AL22: 17128.26 | AM22: 19320.41 | AN22: 16990.7 | AO22: 20315.44 | AP22: 21892.17 | AQ22: 23869.87 | AR22: 25461.74 | AS22: 25306.53 | AT22: 27818.61 | AU22: 28235.36 | AV22: 28738.52 | AW22: 30029.39 | AX22: 33505.64 | AY22: 34595.31 | AZ22: 32866.64 | BA22: 38067.11 | BB22: 42822.64 | BC22: 47774.76 | BD22: 51834.63 | BE22: 59777.14 | BF22: 64496.04 | BG22: 72110 | BH22: 73683.07 | BI22: 83901.76 | BJ22: 106788.38 | BK22: 134048.33 | BL22: 129467.99 | BM22: 137584.51 | BN22: 148510.33 | BO22: 161375.98 | BP22: 157982.29 | BQ22: 177315.62 | BR22: 175714.89 | BS22: 178323.16 | BT22: 187379.75 | BU22: 186458.83 | BV22: 199786.57 | BW22: 255361.88 | BX22: 185401.09 | BY22: 208889.45 | BZ22: 225377.43 | CA22: 245665.02 | CB22: 247964.69 | CC22: 262128.22 | CD22: 259248.81 | CE22: 273435.86 | CF22: 248247.24 | CG22: 269893.68 | CH22: 288132.28 | CI22: 335060.31 | CJ22: 249503.32 | CK22: 282238.89 | CL22: 284533.49 | CM22: 299750.13
A23: S del Estero | B23: s.d | C23: s.d | D23: s.d | E23: s.d | F23: s.d | G23: s.d | H23: s.d | I23: s.d | J23: s.d | K23: s.d | L23: s.d | M23: s.d | N23: s.d | O23: s.d | P23: s.d | Q23: s.d | R23: s.d | S23: s.d | T23: s.d | U23: s.d | V23: s.d | W23: s.d | X23: s.d | Y23: s.d | Z23: s.d | AA23: s.d | AB23: s.d | AC23: s.d | AD23: s.d | AE23: s.d | AF23: s.d | AG23: s.d | AH23: s.d | AI23: s.d | AJ23: s.d | AK23: s.d | AL23: s.d | AM23: s.d | AN23: s.d | AO23: s.d | AP23: s.d | AQ23: s.d | AR23: s.d | AS23: s.d | AT23: s.d | AU23: s.d | AV23: s.d | AW23: s.d | AX23: s.d | AY23: s.d | AZ23: s.d | BA23: s.d | BB23: s.d | BC23: s.d | BD23: s.d | BE23: s.d | BF23: s.d | BG23: s.d | BH23: s.d | BI23: s.d | BJ23: 8637.7424 | BK23: 9088.315 | BL23: 11660.467 | BM23: 14113.68 | BN23: 12627.862 | BO23: 13461.319 | BP23: 14749.431 | BQ23: 16256.543 | BR23: 16017.26 | BS23: 16107.5 | BT23: 16601.347 | BU23: 15645.963 | BV23: 17611.473 | BW23: 16014.462 | BX23: 17564.563 | BY23: 23719.965 | BZ23: 20976.25 | CA23: 22887.981 | CB23: 22913.608 | CC23: 22997.61 | CD23: 23019.522 | CE23: 23365.747 | CF23: 24845.041 | CG23: 22468.189 | CH23: 22738.897 | CI23: 20785.314 | CJ23: 25819.087 | CK23: 25556.922 | CL23: 30433.307 | CM23: 33878.883 | CN23: 33131.057 | CO23: 33821.176
A24: T del Fuego (*) | B24: 625.55052 | C24: 576.50045 | D24: 586.55123 | E24: 650.16713 | F24: 772.20188 | G24: 739.195 | H24: 735.18119 | I24: 741.42718 | J24: 797.67061 | K24: 790.56721 | L24: 862.37536 | M24: 805.05644 | N24: 867.5939 | O24: 828.52706 | P24: 790.14487 | Q24: 689.00155 | R24: 611.94784 | S24: 656.48293 | T24: 884.90572 | U24: 977.91507 | V24: 873.52159 | W24: 990.6942 | X24: 1096.1613 | Y24: 1174.6507 | Z24: 1326.1786 | AA24: 1205.9375 | AB24: 1287.7756 | AC24: 1497.6125 | AD24: 1431.8482 | AE24: 1511.8194 | AF24: 1665.6452 | AG24: 1865.7085 | AH24: 1847.2545 | AI24: 1787.3311 | AJ24: 1802.9497 | AK24: 1874.406 | AL24: 2089.4679 | AM24: 1786.8782 | AN24: 2008.6057 | AO24: 2494.8662 | AP24: 2452.5334 | AQ24: 2804.8902 | AR24: 3375.1214 | AS24: 3755.8194 | AT24: 3731.2278 | AU24: 3800.783 | AV24: 4267.7803 | AW24: 4524.2019 | AX24: 4780.4506 | AY24: 4160.3351 | AZ24: 4840.4558 | BA24: 6042.6151 | BB24: 6048.9815 | BC24: 6623.9434 | BD24: 7311.3124 | BE24: 7501.8487 | BF24: 8821.3148 | BG24: 9686.1069 | BH24: 10597.438 | BI24: 12310.833 | BJ24: 16562.917 | BK24: 14576.969 | BL24: 18545.146 | BM24: 18102.227 | BN24: 19993.717 | BO24: 21753.985 | BP24: 20916.575 | BQ24: 22367.346 | BR24: 24616.707 | BS24: 25199.98 | BT24: 27206.946 | BU24: 27768.459 | BV24: 29302.327 | BW24: 26827.821 | BX24: 24989.308 | BY24: 27317.3 | BZ24: 30893.886 | CA24: 29427.94 | CB24: 32430.7 | CC24: 33432.427 | CD24: 33530.629 | CE24: 33399.683 | CF24: 35175.751 | CG24: 34812.607 | CH24: 35478.823 | CI24: 32414.294 | CJ24: 30776.875 | CK24: 37829.61 | CL24: 33557.705 | CM24: 33641.508 | CN24: 36095.924
A25: Tucumán | B25: 2042.2358 | C25: 1842.1003 | D25: 1761.4918 | E25: 1878.4967 | F25: 2056.1688 | G25: 2090.8605 | H25: 2249.4845 | I25: 2322.9863 | J25: 2463.0177 | K25: 2416.7359 | L25: 2712.6444 | M25: 3043.9577 | N25: 2765.123 | O25: 2497.9383 | P25: 2288.2566 | Q25: 2176.6809 | R25: 2441.0117 | S25: 2824.9666 | T25: 3187.9319 | U25: 3427.0867 | V25: 3440.1186 | W25: 3553.0282 | X25: 3935.0517 | Y25: 4485.888 | Z25: 4434.9257 | AA25: 3753.8946 | AB25: 3932.1433 | AC25: 4433.53 | AD25: 4465.7784 | AE25: 4695.5697 | AF25: 5171.1005 | AG25: 5476.3087 | AH25: 5651.9201 | AI25: 5769.9976 | AJ25: 6248.1046 | AK25: 7295.4465 | AL25: 6950.9364 | AM25: 6048.3703 | AN25: 6274.2918 | AO25: 7192.6058 | AP25: 7563.511 | AQ25: 7979.0603 | AR25: 9011.316 | AS25: 9387.1646 | AT25: 9969.8286 | AU25: 10295.672 | AV25: 10648.308 | AW25: 13274.267 | AX25: 13069.086 | AY25: 11378.782 | AZ25: 12266.376 | BA25: 14213.82 | BB25: 15271.137 | BC25: 16486.54 | BD25: 19141.663 | BE25: 20200.321 | BF25: 23047.57 | BG25: 25156.314 | BH25: 28553.301 | BI25: 36142.628 | BJ25: 43555.212 | BK25: 39529.55 | BL25: 42757.624 | BM25: 49224.406 | BN25: 53079.654 | BO25: 57333.891 | BP25: 61928.024 | BQ25: 68229.638 | BR25: 72408.153 | BS25: 69081.351 | BT25: 75508.176 | BU25: 89918.356 | BV25: 85679.582 | BW25: 81197.041 | BX25: 77532.501 | BY25: 82896.196 | BZ25: 93092.75 | CA25: 94603.825 | CB25: 95086.641 | CC25: 101175.32 | CD25: 99535.542 | CE25: 99884.006 | CF25: 104674.96 | CG25: 113442.59 | CH25: 113499.02 | CI25: 99218.207 | CJ25: 97740.315 | CK25: 107722.41 | CL25: 110446.52 | CM25: 115179.08 | CN25: 122017
A26: TOTAL | B26: =SUM(B2:B25) -> 79681.644 | C26: =SUM(C2:C25) -> 79546.943 | D26: =SUM(D2:D25) -> 74031.122 | E26: =SUM(E2:E25) -> 77120.032 | F26: =SUM(F2:F25) -> 80979.263 | G26: =SUM(G2:G25) -> 82253.392 | H26: =SUM(H2:H25) -> 83102.227 | I26: =SUM(I2:I25) -> 89132.506 | ... CO26: =SUM(CO2:CO25) -> 2165916.8
A28: (*) Excluye regalías y derechos
A29: -valores expresados en millones de pesos corrientes-

Sheet II.BB
A1: JURISDICCIÓN | B1: 43466 | C1: 43497 | D1: 43525 | E1: 43556 | F1: 43586 | G1: 43617 | H1: 43647 | I1: 43678 | J1: 43709 | K1: 43739 | L1: 43770 | M1: 43800 | N1: 43831 | O1: 43862 | P1: 43891 | Q1: 43922 | R1: 43952 | S1: 43983 | T1: 44013 | U1: 44044 | V1: 44075 | W1: 44105 | X1: 44136 | Y1: 44166 | Z1: 44197 | AA1: 44228 | AB1: 44256 | AC1: 44287 | AD1: 44317 | AE1: 44348 | AF1: 44378 | AG1: 44409 | AH1: 44440 | AI1: 44470 | AJ1: 44501 | AK1: 44531 | AL1: 44562 | AM1: 44593 | AN1: 44621 | AO1: 44652 | AP1: 44682 | AQ1: 44713 | AR1: 44743 | AS1: 44774 | AT1: 44805 | AU1: 44835 | AV1: 44866 | AW1: 44896 | AX1: 44927 | AY1: 44958 | AZ1: 44986 | BA1: 45017 | BB1: 45047 | BC1: 45078 | BD1: 45108 | BE1: 45139 | BF1: 45170 | BG1: 45200 | BH1: 45231 | BI1: 45261 | BJ1: 45292 | BK1: 45323 | BL1: 45352 | BM1: 45383 | BN1: 45413 | BO1: 45444 | BP1: 45474 | BQ1: 45505 | BR1: 45536 | BS1: 45566 | BT1: 45597 | BU1: 45627 | BV1: 45658 | BW1: 45689 | BX1: 45717 | BY1: 45748 | BZ1: 45778 | CA1: 45809 | CB1: 45839 | CC1: 45870 | CD1: 45901 | CE1: 45931 | CF1: 45962 | CG1: 45992 | CH1: 46023 | CI1: 46054 | CJ1: 46082 | CK1: 46113 | CL1: 46143 | CM1: 46174 | CN1: 46204 | CO1: 46235
A2: Buenos Aires | B2: 19469.166 | C2: 18898.826 | D2: 17247.554 | E2: 19007.616 | F2: 19997.073 | G2: 20764.925 | H2: 21109.04 | I2: 23213.452 | J2: 24704.742 | K2: 25008.428 | L2: 27422.261 | M2: 25760.82 | N2: 28806.982 | O2: 25918.916 | P2: 24830.795 | Q2: 22536.703 | R2: 23607.658 | S2: 25474.007 | T2: 28422.813 | U2: 30114.947 | V2: 29651.683 | W2: 31136.659 | X2: 32220.772 | Y2: 36363.885 | Z2: 39904.639 | AA2: 37375.089 | AB2: 39910.55 | AC2: 45490.535 | AD2: 44892.717 | AE2: 48785.995 | AF2: 50894.686 | AG2: 47018.9 | AH2: 48281.049 | AI2: 55248.688 | AJ2: 60270.927 | AK2: 61099.982 | AL2: 63607.762 | AM2: 59649.701 | AN2: 65658.817 | AO2: 74722.879 | AP2: 80183.053 | AQ2: 86689.81 | AR2: 98074.046 | AS2: 95519.718 | AT2: 102564.63 | AU2: 109297.35 | AV2: 108270.45 | AW2: 115200.19 | AX2: 130799.78 | AY2: 119237.94 | AZ2: 135057.13 | BA2: 153197.93 | BB2: 165554.97 | BC2: 180109.11 | BD2: 199092.82 | BE2: 215351.83 | BF2: 242939.43 | BG2: 274312.92 | BH2: 296861.21 | BI2: 311681.97 | BJ2: 428334.41 | BK2: 486570.59 | BL2: 645347.35 | BM2: 568904.97 | BN2: 536788.27 | BO2: 574402.55 | BP2: 624934.46 | BQ2: 660303.14 | BR2: 680231.72 | BS2: 732376.8 | BT2: 754880 | BU2: 756716.28 | BV2: 801028.68 | BW2: 766738.37 | BX2: 730649.2 | BY2: 829273.77 | BZ2: 872228.19 | CA2: 860880.74 | CB2: 907341.99 | CC2: 940605.7 | CD2: 950550.07 | CE2: 992273.79 | CF2: 948570.5 | CG2: 1031334 | CH2: 1086193.5 | CI2: 961709.43 | CJ2: 944164.54 | CK2: 1084984.7 | CL2: 1060147.3 | CM2: 1156260.9 | CN2: 1197577.6
A3: CABA | B3: 12611.1 | C3: 12684.1 | D3: 11368.4 | E3: 13211.1 | F3: 13541.2 | G3: 13649 | H3: 14401.2 | I3: 15210.6 | J3: 16472.6 | K3: 16296.7 | L3: 18612.5 | M3: 17845.3 | N3: 18761.5 | O3: 18499 | P3: 16493.2 | Q3: 14973.8 | R3: 16776.5 | S3: 17490.4 | T3: 19183.7 | U3: 21037.2 | V3: 22899.9 | W3: 23675.3 | X3: 23367 | Y3: 23633.5 | Z3: 28177.9 | AA3: 27902.5 | AB3: 26120.9 | AC3: 29916.1 | AD3: 32532 | AE3: 33075.6 | AF3: 34552.8 | AG3: 36424.6 | AH3: 38149.6 | AI3: 39851.4 | AJ3: 42764.9 | AK3: 44439 | AL3: 47378.4 | AM3: 44415 | AN3: 43795.4 | AO3: 52626.5 | AP3: 55637.2 | AQ3: 61207.3 | AR3: 66484.5 | AS3: 71054.9 | AT3: 81030.8 | AU3: 88021.1 | AV3: 92653.8 | AW3: 98795.2 | AX3: 110799.6 | AY3: 106617.9 | AZ3: 107785.1 | BA3: 129864 | BB3: 141849.6 | BC3: 163293.9 | BD3: 182889.2 | BE3: 195182.9 | BF3: 237624.4 | BG3: 262022.6 | BH3: 290128.6 | BI3: 313290 | BJ3: 398009.6 | BK3: 396259.7 | BL3: 410409.2 | BM3: 453180.1 | BN3: 476859.7 | BO3: 492292.3 | BP3: 468321.7 | BQ3: 512970.6 | BR3: 525667.8 | BS3: 510934.1 | BT3: 546517.8 | BU3: 555416.3 | BV3: 594667.9 | BW3: 580377.5 | BX3: 541400 | BY3: 574044 | BZ3: 630408.4 | CA3: 608896.4 | CB3: 620015.6 | CC3: 689753 | CD3: 710053.2 | CE3: 750756.1 | CF3: 767058.3 | CG3: 698779.1 | CH3: 759579.1 | CI3: 711180.3 | CJ3: 644673.9 | CK3: 714719.7 | CL3: 750198.5 | CM3: 737506.4 | CN3: 783413.9 | CO3: 807806.2
A4: Catamarca | B4: 307.42737 | C4: 258.5751 | D4: 259.25183 | E4: 263.531 | F4: 279.23669 | G4: 286.41306 | H4: 280.45173 | I4: 282.48556 | J4: 320.44667 | K4: 374.9298 | L4: 374.80001 | M4: 338.29459 | N4: 352.02712 | O4: 345.53387 | P4: 322.73215 | Q4: 362.72444 | R4: 353.92003 | S4: 397.61475 | T4: 438.82771 | U4: 442.32752 | V4: 439.64684 | W4: 455.3239 | X4: 462.84231 | Y4: 483.73476 | Z4: 554.81843 | AA4: 511.45737 | AB4: 517.09 | AC4: 756.238 | AD4: 582.28471 | AE4: 666.34334 | AF4: 708.16455 | AG4: 772.26718 | AH4: 879.47588 | AI4: 978.05198 | AJ4: 1059.8056 | AK4: 1153.9155 | AL4: 1120.839 | AM4: 1003.7339 | AN4: 1136.5702 | AO4: 1141.7854 | AP4: 1136.2186 | AQ4: 1751.6118 | AR4: 1574.1008 | AS4: 1783.4066 | AT4: 1982.8105 | AU4: 1969.6715 | AV4: 2254.5844 | AW4: 2213.6473 | AX4: 2299.2293 | AY4: 2124.2458 | AZ4: 2397.4896 | BA4: 2873.946 | BB4: 2977.8885 | BC4: 3563.5331 | BD4: 3976.4588 | BE4: 4277.19 | BF4: 4678.59 | BG4: 5202.8621 | BH4: 5665.244 | BI4: 5925.4571 | BJ4: 8099.3865 | BK4: 9398.4259 | BL4: 9122.8777 | BM4: 10327.213 | BN4: 12166.971 | BO4: 12560.388 | BP4: 12002.123 | BQ4: 13283.868 | BR4: 14020.967 | BS4: 14636.624 | BT4: 16753.545 | BU4: 15448.871 | BV4: 16993.488 | BW4: 14805.802 | BX4: 13729.718 | BY4: 14536.52 | BZ4: 16392.718 | CA4: 16548.907 | CB4: 16806.7 | CC4: 16999.969 | CD4: 18224.408 | CE4: 19430.392 | CF4: 18632.348 | CG4: 17712.051 | CH4: 21870.152 | CI4: 18769 | CJ4: 18127.227 | CK4: 20732.331 | CL4: 20529.255 | CM4: 21657.433 | CN4: 23144.821 | CO4: 21835.974
A5: Chaco | B5: 680.98036 | C5: 605.51695 | D5: 574.96754 | E5: 606.6499 | F5: 646.71323 | G5: 652.94039 | H5: 708.46933 | I5: 743.43347 | J5: 871.49433 | K5: 778.55945 | L5: 842.19981 | M5: 813.35473 | N5: 1073.237 | O5: 923.40167 | P5: 784.63262 | Q5: 776.87912 | R5: 842.87909 | S5: 957.2402 | T5: 1000.2268 | U5: 1069.4389 | V5: 1038.7728 | W5: 1106.6568 | X5: 1210.8388 | Y5: 1181.9563 | Z5: 1392.4639 | AA5: 1248.6747 | AB5: 1368.1387 | AC5: 1489.9431 | AD5: 1542.0669 | AE5: 1641.9167 | AF5: 1852.7481 | AG5: 1915.947 | AH5: 1921.1024 | AI5: 2006.7133 | AJ5: 2106.5333 | AK5: 2197.1867 | AL5: 2185.4968 | AM5: 2115.6565 | AN5: 2303.1269 | AO5: 2533.8572 | AP5: 2905.584 | AQ5: 3125.9102 | AR5: 3416.1621 | AS5: 3398.6732 | AT5: 3656.081 | AU5: 4070.1727 | AV5: 4094.6363 | AW5: 4345.042 | AX5: 4815.2899 | AY5: 4369.8693 | AZ5: 4909.5681 | BA5: 5244.8806 | BB5: 6018.307 | BC5: 6520.2592 | BD5: 7024.5221 | BE5: 7659.516 | BF5: 8617.5445 | BG5: 9632.5403 | BH5: 10032.621 | BI5: 10903.555 | BJ5: 12983.344 | BK5: 13864.746 | BL5: 15035.025 | BM5: 15687.871 | BN5: 16771.491 | BO5: 18679.237 | BP5: 20921.794 | BQ5: 22694.275 | BR5: 23462.943 | BS5: 22536.574 | BT5: 24041.583 | BU5: 24483.032 | BV5: 25616.409 | BW5: 24788.698 | BX5: 23561.912 | BY5: 25194.755 | BZ5: 27534.794 | CA5: 27255.336 | CB5: 27201.764 | CC5: 29260.894 | CD5: 28388.437 | CE5: 28379.416 | CF5: 27573.18 | CG5: 30009.018 | CH5: 33654.962 | CI5: 31721.62 | CJ5: 28963.61 | CK5: 30813.302 | CL5: 31627.758 | CM5: 33417.513 | CN5: 36452.558 | CO5: 37011.91
A6: Chubut | B6: 1047 | C6: 912 | D6: 970 | E6: 1050 | F6: 1114 | G6: 987 | H6: 1075 | I6: 1201 | J6: 1187 | K6: 1358 | L6: 1325 | M6: 1178 | N6: 1272 | O6: 1386 | P6: 1259 | Q6: 1112 | R6: 1042 | S6: 1109 | T6: 1024 | U6: 1033 | V6: 1388 | W6: 1563 | X6: 1564 | Y6: 1513 | Z6: 1646 | AA6: 1676 | AB6: 1874 | AC6: 2081 | AD6: 2208 | AE6: 2263 | AF6: 2466 | AG6: 2471 | AH6: 2594 | AI6: 2501 | AJ6: 2619 | AK6: 2665 | AL6: 2789 | AM6: 2583 | AN6: 2833 | AO6: 3141 | AP6: 3168 | AQ6: 3367 | AR6: 4255 | AS6: 4371 | AT6: 4771 | AU6: 4817 | AV6: 5228 | AW6: 5663 | AX6: 6339 | AY6: 6090 | AZ6: 6603 | BA6: 7634 | BB6: 8145 | BC6: 7588 | BD6: 9125 | BE6: 10864 | BF6: 11226 | BG6: 13306 | BH6: 12773 | BI6: 14156 | BJ6: 19579 | BK6: 25294 | BL6: 24254 | BM6: 26344 | BN6: 27852 | BO6: 31547 | BP6: 29177 | BQ6: 29719 | BR6: 30718 | BS6: 32026 | BT6: 34176 | BU6: 34337 | BV6: 36468 | BW6: 36651 | BX6: 35580 | BY6: 36487 | BZ6: 38131 | CA6: 38685 | CB6: 43623 | CC6: 43660 | CD6: 43209 | CE6: 48238 | CF6: 41912 | CG6: 47152 | CH6: 49522 | CI6: 45753 | CJ6: 41764 | CK6: 46964 | CL6: 48912 | CM6: 48360 | CN6: 59118 | CO6: 53052
A7: Córdoba | B7: 4724.8523 | C7: 4415.936 | D7: 4232.203 | E7: 4359.9317 | F7: 4899.523 | G7: 4958.5732 | H7: 5305.4507 | I7: 5995.733 | J7: 6159.4109 | K7: 5999.6791 | L7: 6380.3395 | M7: 6101.8058 | N7: 6870.0771 | O7: 6630.2017 | P7: 5813.6958 | Q7: 5034.0455 | R7: 5831.708 | S7: 6721.624 | T7: 7123.4579 | U7: 7745.6913 | V7: 7770.6759 | W7: 7918.2637 | X7: 8382.8955 | Y7: 8673.7372 | Z7: 9862.7953 | AA7: 9188.0826 | AB7: 9588.1046 | AC7: 10443.763 | AD7: 11070.969 | AE7: 11456.37 | AF7: 12032.041 | AG7: 12992.535 | AH7: 13673.927 | AI7: 13087.088 | AJ7: 14586.356 | AK7: 15062.063 | AL7: 15933.815 | AM7: 14648.5 | AN7: 15465.712 | AO7: 17349.164 | AP7: 19012.68 | AQ7: 20375.356 | AR7: 22465.398 | AS7: 22705.694 | AT7: 24916.884 | AU7: 25867.148 | AV7: 26656.038 | AW7: 27711.15 | AX7: 30554.628 | AY7: 27416.805 | AZ7: 32041.734 | BA7: 35279.341 | BB7: 40880.085 | BC7: 43250.238 | BD7: 47061.638 | BE7: 52469.548 | BF7: 58901.422 | BG7: 67460.218 | BH7: 73545.701 | BI7: 79962.166 | BJ7: 107516.92 | BK7: 119638.22 | BL7: 128619.68 | BM7: 136088.79 | BN7: 144518.97 | BO7: 152684.21 | BP7: 148078.96 | BQ7: 166672.61 | BR7: 173256.41 | BS7: 172976.22 | BT7: 178425.57 | BU7: 175804.95 | BV7: 190808.17 | BW7: 190422.94 | BX7: 178063.54 | BY7: 192924.06 | BZ7: 213969.94 | CA7: 222574.01 | CB7: 238021.17 | CC7: 249001.89 | CD7: 235040.89 | CE7: 241347.14 | CF7: 240638.66 | CG7: 272678.18 | CH7: 277942.44 | CI7: 242946.5 | CJ7: 245101.44 | CK7: 260877.64 | CL7: 272287.85 | CM7: 271632.29 | CN7: 275249.34 | CO7: 281578.51
A8: Corrientes | B8: s.d | C8: s.d | D8: s.d | E8: s.d | F8: s.d | G8: s.d | H8: s.d | I8: s.d | J8: s.d | K8: s.d | L8: s.d | M8: s.d | N8: s.d | O8: s.d | P8: s.d | Q8: s.d | R8: s.d | S8: s.d | T8: s.d | U8: s.d | V8: s.d | W8: s.d | X8: s.d | Y8: s.d | Z8: s.d | AA8: s.d | AB8: s.d | AC8: s.d | AD8: s.d | AE8: s.d | AF8: s.d | AG8: s.d | AH8: s.d | AI8: s.d | AJ8: s.d | AK8: s.d | AL8: s.d | AM8: s.d | AN8: s.d | AO8: s.d | AP8: s.d | AQ8: s.d | AR8: s.d | AS8: s.d | AT8: s.d | AU8: s.d | AV8: s.d | AW8: s.d | AX8: s.d | AY8: s.d | AZ8: s.d | BA8: s.d | BB8: s.d | BC8: s.d | BD8: s.d | BE8: s.d | BF8: s.d | BG8: s.d | BH8: s.d | BI8: s.d | BJ8: 12671.268 | BK8: 13632.62 | BL8: 13724.071 | BM8: 15485.852 | BN8: 17074.205 | BO8: 17057.7 | BP8: 18252.774 | BQ8: 21290.33 | BR8: 21139.724 | BS8: 20759.83 | BT8: 22268.39 | BU8: 22589.46 | BV8: 24615.52 | BW8: 24407 | BX8: 23487.05 | BY8: 24338.75 | BZ8: 26424.023 | CA8: 25520.33 | CB8: 26235.9 | CC8: 28740.941 | CD8: 28345.849 | CE8: 27963.35 | CF8: 27718.066 | CG8: 28412.888 | CH8: 31388.156 | CI8: 30211.81 | CJ8: 28772.438 | CK8: 32059.957 | CL8: 32161.158 | CM8: 32702.152 | CN8: 33839.744
A9: Entre Ríos | B9: 1182.8414 | C9: 1088.5944 | D9: 1073.097 | E9: 1359.4628 | F9: 1328.187 | G9: 1338.0169 | H9: 1299.1336 | I9: 1390.9666 | J9: 1539.6339 | K9: 1576.8085 | L9: 1658.8024 | M9: 1628.2032 | N9: 1750.3163 | O9: 1705.0972 | P9: 1447.9296 | Q9: 1458.8003 | R9: 1616.2937 | S9: 1833.8898 | T9: 1926.9865 | U9: 2105.8489 | V9: 2043.3869 | W9: 2078.2559 | X9: 2258.0421 | Y9: 2226.1139 | Z9: 2652.9075 | AA9: 2611.1443 | AB9: 2496.8154 | AC9: 2932.09 | AD9: 2990.4347 | AE9: 3124.3943 | AF9: 3425.9534 | AG9: 3806.9973 | AH9: 3780.1423 | AI9: 3893.6711 | AJ9: 4060.3784 | AK9: 4207.4135 | AL9: 4635.6097 | AM9: 3968.0219 | AN9: 4096.6458 | AO9: 4755.9931 | AP9: 5004.3612 | AQ9: 5348.0985 | AR9: 6092.7137 | AS9: 6334.6842 | AT9: 6740.8353 | AU9: 7131.4665 | AV9: 7052.7155 | AW9: 7909.2827 | AX9: 8751.8711 | AY9: 7794.2 | AZ9: 8449.2019 | BA9: 9891.5384 | BB9: 10802.385 | BC9: 11295.344 | BD9: 12635.208 | BE9: 14383.858 | BF9: 16381.228 | BG9: 17708.812 | BH9: 19351.116 | BI9: 21764.249 | BJ9: 28907.359 | BK9: 29961.905 | BL9: 32092.847 | BM9: 34857.758 | BN9: 36246.457 | BO9: 38738.123 | BP9: 41956.626 | BQ9: 45053.049 | BR9: 45813.634 | BS9: 43303.916 | BT9: 45549.235 | BU9: 45901.488 | BV9: 50715.334 | BW9: 48686.262 | BX9: 44861.791 | BY9: 48699.626 | BZ9: 54555.993 | CA9: 55341.072 | CB9: 57293.055 | CC9: 59822.863 | CD9: 62267.183 | CE9: 65045.398 | CF9: 61797.567 | CG9: 65711.907 | CH9: 71086.672 | CI9: 64039.056 | CJ9: 61780.307 | CK9: 67785.222 | CL9: 67360.574 | CM9: 71000.46 | CN9: 72164.557 | CO9: 74265.59
A10: Formosa | B10: 226.08144 | C10: 223.59782 | D10: 219.5326 | E10: 243.75641 | F10: 236.48121 | G10: 264.72604 | H10: 257.53739 | I10: 286.61069 | J10: 292.109 | K10: 284.2272 | L10: 315.73895 | M10: 311.58749 | N10: 320.14391 | O10: 317.03713 | P10: 302.68988 | Q10: 268.99388 | R10: 273.83737 | S10: 310.1848 | T10: 342.78029 | U10: 377.1372 | V10: 386.59237 | W10: 412.16155 | X10: 445.99292 | Y10: 474.44584 | Z10: 519.42801 | AA10: 484.96916 | AB10: 591.66243 | AC10: 613.71 | AD10: 630.29768 | AE10: 614.0107 | AF10: 669.41393 | AG10: 787.5279 | AH10: 835.73335 | AI10: 825.57668 | AJ10: 905.03403 | AK10: 904.57667 | AL10: 1052.0291 | AM10: 916.51193 | AN10: 976.98066 | AO10: 1182.7664 | AP10: 1209.4411 | AQ10: 1254.3202 | AR10: 1500.4928 | AS10: 1496.0535 | AT10: 1701.6368 | AU10: 1660.8192 | AV10: 1783.5781 | AW10: 1954.1703 | AX10: 2121.1337 | AY10: 1949.0793 | AZ10: 2182.3796 | BA10: 2390.9285 | BB10: 2614.7556 | BC10: 2833.2773 | BD10: 3233.4496 | BE10: 3601.64 | BF10: 3843.3341 | BG10: 3955.7345 | BH10: 4289.2723 | BI10: 4725.2521 | BJ10: 5363.5279 | BK10: 4944.0414 | BL10: 6180.8701 | BM10: 6094.5293 | BN10: 6930.1318 | BO10: 8103.2007 | BP10: 7683.7572 | BQ10: 9601.1917 | BR10: 9023.3666 | BS10: 9022.4383 | BT10: 9820.1075 | BU10: 10240.036 | BV10: 10264.881 | BW10: 10987.345 | BX10: 10715.001 | BY10: 11226.096 | BZ10: 11608.632 | CA10: 11665.626 | CB10: 11919.613 | CC10: 13078.19 | CD10: 12538.424 | CE10: 13349.292 | CF10: 12370.263 | CG10: 13060.155 | CH10: 13853.671 | CI10: 13091.204 | CJ10: 12710.473 | CK10: 13819.897 | CL10: 16554.107 | CM10: 16142.334 | CN10: 16466.41 | CO10: 17367.111
A11: Jujuy | B11: 438.01 | C11: 407.666 | D11: 389.469 | E11: 387.608 | F11: 401.33 | G11: 411.573 | H11: 398.074 | I11: 423.319 | J11: 480.4 | K11: 543.754 | L11: 526.702 | M11: 497.293 | N11: 541.608 | O11: 478.399 | P11: 476.106 | Q11: 397.196 | R11: 443.005 | S11: 488.585 | T11: 521.503 | U11: 552.236 | V11: 513.282 | W11: 604.01 | X11: 645.569 | Y11: 683.08438 | Z11: 821.655 | AA11: 820.617 | AB11: 869.66633 | AC11: 994.07 | AD11: 957.03733 | AE11: 1063.1877 | AF11: 1131.825 | AG11: 1215.8947 | AH11: 1257.9432 | AI11: 1332.0639 | AJ11: 1408.1584 | AK11: 1422.7615 | AL11: 1624.8662 | AM11: 1457.0884 | AN11: 1498.3919 | AO11: 1666.7488 | AP11: 1837.6928 | AQ11: 1827.1762 | AR11: 2116.9751 | AS11: 2284.1364 | AT11: 2398.0889 | AU11: 2488.3789 | AV11: 2656.237 | AW11: 2808.2302 | AX11: 3189.7777 | AY11: 3238.8701 | AZ11: 3531.212 | BA11: 3794.1666 | BB11: 4018.1921 | BC11: 4214.2651 | BD11: 4905.6083 | BE11: 5347.7119 | BF11: 5955.664 | BG11: 6715.7319 | BH11: 7500.1541 | BI11: 8338.2866 | BJ11: 10405.13 | BK11: 11120.939 | BL11: 11177.266 | BM11: 12479.586 | BN11: 12683.046 | BO11: 13340.631 | BP11: 13735.539 | BQ11: 15453.47 | BR11: 16117.727 | BS11: 16267.652 | BT11: 17755.676 | BU11: 17148.802 | BV11: 18620.765 | BW11: 19048.816 | BX11: 17933.676 | BY11: 18481.353 | BZ11: 20357.35 | CA11: 19949.355 | CB11: 21171.657 | CC11: 22537.394 | CD11: 22109.308 | CE11: 23794.703 | CF11: 22434.459 | CG11: 23710.1 | CH11: 25337.645 | CI11: 23522.391 | CJ11: 23692.42 | CK11: 24783.803 | CL11: 26407.681 | CM11: 26470.799 | CN11: 27597.065 | CO11: 27979.338
A12: La Pampa | B12: s.d | C12: s.d | D12: s.d | E12: s.d | F12: s.d | G12: s.d | H12: s.d | I12: s.d | J12: s.d | K12: s.d | L12: s.d | M12: s.d | N12: s.d | O12: s.d | P12: s.d | Q12: s.d | R12: s.d | S12: s.d | T12: s.d | U12: s.d | V12: s.d | W12: s.d | X12: s.d | Y12: s.d | Z12: s.d | AA12: s.d | AB12: s.d | AC12: s.d | AD12: s.d | AE12: s.d | AF12: s.d | AG12: s.d | AH12: s.d | AI12: s.d | AJ12: s.d | AK12: s.d | AL12: s.d | AM12: s.d | AN12: s.d | AO12: s.d | AP12: s.d | AQ12: s.d | AR12: s.d | AS12: s.d | AT12: s.d | AU12: s.d | AV12: s.d | AW12: s.d | AX12: s.d | AY12: s.d | AZ12: s.d | BA12: s.d | BB12: s.d | BC12: s.d | BD12: s.d | BE12: s.d | BF12: s.d | BG12: s.d | BH12: s.d | BI12: s.d | BJ12: 15340.836 | BK12: 15844.877 | BL12: 15690.135 | BM12: 17155.698 | BN12: 17099.708 | BO12: 19267.942 | BP12: 20998.209 | BQ12: 22191.683 | BR12: 22414.706 | BS12: 23468.925 | BT12: 23839.059 | BU12: 25187.907 | BV12: 26345.26 | BW12: 23981.625 | BX12: 23087.402 | BY12: 22587.139 | BZ12: 25031.75 | CA12: 29255.265 | CB12: 28885.152 | CC12: 32585.538 | CD12: 32271.155 | CE12: 32146.063 | CF12: 30298.762 | CG12: 38333.901 | CH12: 35892.893 | CI12: 25307.5 | CJ12: 34479.599 | CK12: 29660.028 | CL12: 32620.483 | CM12: 41994.21 | CN12: 39666.187
A13: La Rioja | B13: 183.99324 | C13: 157.39695 | D13: 155.0709 | E13: 178.15246 | F13: 168.31328 | G13: 179.1675 | H13: 184.73373 | I13: 213.47305 | J13: 233.09276 | K13: 207.48093 | L13: 239.64229 | M13: 223.00723 | N13: 255.28218 | O13: 211.63254 | P13: 198.98634 | Q13: 185.80531 | R13: 197.16821 | S13: 204.66527 | T13: 233.32263 | U13: 237.16121 | V13: 238.96468 | W13: 281.37853 | X13: 303.484 | Y13: 316.06695 | Z13: 419.90607 | AA13: 402.42025 | AB13: 424.23783 | AC13: 490.32 | AD13: 426.43466 | AE13: 481.06802 | AF13: 492.14744 | AG13: 517.23701 | AH13: 551.11384 | AI13: 573.60488 | AJ13: 610.74203 | AK13: 706.79567 | AL13: 737.42456 | AM13: 596.34806 | AN13: 669.05268 | AO13: 732.93394 | AP13: 794.86298 | AQ13: 867.86303 | AR13: 965.08542 | AS13: 1051.9722 | AT13: 1127.8132 | AU13: 1193.9681 | AV13: 1346.795 | AW13: 1504.8365 | AX13: 1393.1569 | AY13: 1180.3583 | AZ13: 1491.2778 | BA13: 1657.0315 | BB13: 1888.7083 | BC13: 1998.9471 | BD13: 2279.725 | BE13: 2443.7848 | BF13: 2659.8983 | BG13: 2861.337 | BH13: 3255.3197 | BI13: 3669.8562 | BJ13: 4476.1756 | BK13: 4950.0273 | BL13: 4877.9324 | BM13: 5959.8378 | BN13: 5991.1508 | BO13: 6432.2502 | BP13: 7370.6926 | BQ13: 7856.0561 | BR13: 7792.2182 | BS13: 8701.9305 | BT13: 10112.703 | BU13: 8901.7007 | BV13: 11304.258 | BW13: 8600.5973 | BX13: 9115.0688 | BY13: 9759.3357 | BZ13: 9549.2383 | CA13: 10325.337 | CB13: 10961.803 | CC13: 11502.077 | CD13: 11769.242 | CE13: 10888.693 | CF13: 10848.575 | CG13: 10925.139 | CH13: 11905.858 | CI13: 10431.229 | CJ13: 10141.297 | CK13: 12154.995 | CL13: 11506.151 | CM13: 12236.696 | CN13: 12720.151 | CO13: 11573.442
A14: Mendoza | B14: 2195.5297 | C14: 2103.3637 | D14: 2143.7913 | E14: 2277.2868 | F14: 2456.0531 | G14: 2334.066 | H14: 2419.7551 | I14: 2761.1718 | J14: 2874.2497 | K14: 2863.7178 | L14: 2963.8175 | M14: 2857.0675 | N14: 3068.4769 | O14: 3246.5831 | P14: 2869.9348 | Q14: 2711.7221 | R14: 2558.7962 | S14: 2601.4994 | T14: 2800.0376 | U14: 3271.9008 | V14: 3102.3453 | W14: 3254.2088 | X14: 3590.3817 | Y14: 3619.1406 | Z14: 4210.3332 | AA14: 4035.9201 | AB14: 3969.1979 | AC14: 4446.8 | AD14: 4285.9185 | AE14: 4477.2595 | AF14: 4653.1124 | AG14: 4977.7822 | AH14: 5349.0907 | AI14: 5368.8962 | AJ14: 5800.0187 | AK14: 6548.1781 | AL14: 6815.2756 | AM14: 6525.0879 | AN14: 6633.6134 | AO14: 7882.9436 | AP14: 8485.1487 | AQ14: 8272.2309 | AR14: 9777.1449 | AS14: 10673.847 | AT14: 10903.034 | AU14: 11468.664 | AV14: 12420.676 | AW14: 12973.07 | AX14: 14525.561 | AY14: 14960.067 | AZ14: 15059.685 | BA14: 17487.4 | BB14: 18906.731 | BC14: 20011.321 | BD14: 22575.36 | BE14: 24771.434 | BF14: 28058.794 | BG14: 33556.861 | BH14: 35453.717 | BI14: 36875.547 | BJ14: 47346.037 | BK14: 52411.426 | BL14: 56751.087 | BM14: 60502.131 | BN14: 64921.411 | BO14: 66006.863 | BP14: 66390.438 | BQ14: 72004.543 | BR14: 74241.057 | BS14: 79689.758 | BT14: 79511.978 | BU14: 79191.108 | BV14: 83128.051 | BW14: 79687.228 | BX14: 77140.914 | BY14: 81188.032 | BZ14: 90317.924 | CA14: 90551.713 | CB14: 93159.789 | CC14: 100530.8 | CD14: 99069.176 | CE14: 103667.38 | CF14: 106688.39 | CG14: 102452.58 | CH14: 117078.45 | CI14: 107684.3 | CJ14: 102299.49 | CK14: 110785.14 | CL14: 117822.89 | CM14: 116053.38 | CN14: 117457.98 | CO14: 121430.41
A15: Misiones | B15: 1360.4641 | C15: 1350.7321 | D15: 1261.4515 | E15: 1286.9367 | F15: 1395.6399 | G15: 1415.1174 | H15: 1337.3325 | I15: 1488.1702 | J15: 1507.5101 | K15: 1608.9684 | L15: 1719.4825 | M15: 1640.6017 | N15: 1781.8381 | O15: 1906.8951 | P15: 1798.0725 | Q15: 1851.7575 | R15: 2312.8666 | S15: 2544.6229 | T15: 2950.5501 | U15: 3246.7866 | V15: 3072.1935 | W15: 2969.7703 | X15: 3461.3493 | Y15: 3568.4915 | Z15: 3904.1725 | AA15: 3691.2344 | AB15: 3943.4765 | AC15: 4638.69 | AD15: 4807.6848 | AE15: 4793.6771 | AF15: 4864.3209 | AG15: 5287.8242 | AH15: 5834.3868 | AI15: 5854.0504 | AJ15: 6088.5817 | AK15: 6570.4161 | AL15: 6509.5227 | AM15: 6203.7649 | AN15: 6580.2258 | AO15: 7463.3178 | AP15: 8438.0228 | AQ15: 9132.3275 | AR15: 9654.1467 | AS15: 11276.68 | AT15: 11404.805 | AU15: 11605.374 | AV15: 12236.121 | AW15: 12708.749 | AX15: 13437.2 | AY15: 13856.8 | AZ15: 14376.5 | BA15: 15036 | BB15: 15992.4 | BC15: 17582.9 | BD15: 19410.9 | BE15: 22835.5 | BF15: 24779.9 | BG15: 25023.7 | BH15: 31739.6 | BI15: 37409.4 | BJ15: 42652.915 | BK15: 44472.163 | BL15: 49423.447 | BM15: 55529.1 | BN15: 59435.026 | BO15: 59471.508 | BP15: 61917.175 | BQ15: 70554.08 | BR15: 71018.629 | BS15: 71857.708 | BT15: 73419.325 | BU15: 75744.201 | BV15: 85174.033 | BW15: 75608.575 | BX15: 68283.798 | BY15: 73543.679 | BZ15: 80670.754 | CA15: 79488.834 | CB15: 76436.658 | CC15: 79561.905 | CD15: 75113.728 | CE15: 81640.436 | CF15: 82641.172 | CG15: 81062.518 | CH15: 84541.871 | CI15: 77385.175 | CJ15: 74671.142 | CK15: 86671.876 | CL15: 82187.03 | CM15: 81085.176 | CN15: 86230.193 | CO15: 83619.695
A16: Neuquén | B16: 2355.3095 | C16: 1955.6264 | D16: 2127.3434 | E16: 2226.1511 | F16: 3038.4125 | G16: 2587.646 | H16: 2835.1599 | I16: 3042.854 | J16: 2952.6817 | K16: 3347.0678 | L16: 3356.6335 | M16: 3232.4685 | N16: 3160.4461 | O16: 3404.4113 | P16: 3016.3284 | Q16: 2720.2711 | R16: 2134.8914 | S16: 1857.9297 | T16: 2738.0636 | U16: 2878.7849 | V16: 2755.6798 | W16: 2978.7524 | X16: 3363.4746 | Y16: 3426.5648 | Z16: 4271.7723 | AA16: 4113.2137 | AB16: 4468.1009 | AC16: 4705.3105 | AD16: 4421.8884 | AE16: 4922.1424 | AF16: 5373.5532 | AG16: 5762.6496 | AH16: 6127.6421 | AI16: 5759.9702 | AJ16: 5900.1295 | AK16: 6442.8567 | AL16: 6599.9378 | AM16: 6182.1576 | AN16: 6404.0866 | AO16: 7544.4282 | AP16: 8485.1621 | AQ16: 8504.1223 | AR16: 10197.637 | AS16: 11158.724 | AT16: 11473.286 | AU16: 11842.877 | AV16: 12539.083 | AW16: 13249.379 | AX16: 15888.895 | AY16: 14886.429 | AZ16: 15912.13 | BA16: 18238.614 | BB16: 20379.069 | BC16: 20478.609 | BD16: 23969.175 | BE16: 27157.899 | BF16: 29867.976 | BG16: 36443.803 | BH16: 34284.138 | BI16: 34985.013 | BJ16: 63871.002 | BK16: 69084.906 | BL16: 72566.127 | BM16: 76487.322 | BN16: 84735.36 | BO16: 88616.236 | BP16: 93785.792 | BQ16: 99131.599 | BR16: 117325.52 | BS16: 103016.45 | BT16: 103412.86 | BU16: 101201.36 | BV16: 117106.98 | BW16: 110218.6 | BX16: 105935.21 | BY16: 113540.72 | BZ16: 121597.71 | CA16: 131753.91 | CB16: 139954.09 | CC16: 147723.63 | CD16: 155304.9 | CE16: 152138.59 | CF16: 139926.85 | CG16: 152466.46 | CH16: 153865.79 | CI16: 152796.76 | CJ16: 142318.11 | CK16: 168026.85 | CL16: 188093.61 | CM16: 195071.7 | CN16: 200760.58
A17: Río Negro | B17: 917.68525 | C17: 901.49955 | D17: 839.59301 | E17: 925.9221 | F17: 1011.8724 | G17: 932.47081 | H17: 947.23158 | I17: 1058.9122 | J17: 1113.957 | K17: 1167.2083 | L17: 1175.6913 | M17: 1226.7204 | N17: 1270.3823 | O17: 1274.107 | P17: 1104.419 | Q17: 968.90902 | R17: 947.50229 | S17: 958.19683 | T17: 1107.8763 | U17: 1176.327 | V17: 1199.7082 | W17: 1274.501 | X17: 1381.8951 | Y17: 1377.9259 | Z17: 1633.0051 | AA17: 1548.6703 | AB17: 1600.6633 | AC17: 1752.95 | AD17: 1698.3146 | AE17: 1650.6827 | AF17: 1939.2048 | AG17: 2002.8512 | AH17: 1960.4477 | AI17: 2075.7054 | AJ17: 2418.6798 | AK17: 2404.1229 | AL17: 2711.9179 | AM17: 2499.139 | AN17: 2554.1107 | AO17: 2799.6668 | AP17: 3096.7152 | AQ17: 2889.539 | AR17: 3466.5302 | AS17: 3720.0427 | AT17: 3949.3287 | AU17: 4102.4443 | AV17: 4433.3479 | AW17: 4748.985 | AX17: 5668.1552 | AY17: 5889.0711 | AZ17: 5903.7857 | BA17: 6251.1653 | BB17: 6974.6616 | BC17: 6677.2434 | BD17: 8034.7796 | BE17: 8762.2153 | BF17: 9757.7612 | BG17: 10734.172 | BH17: 11594.885 | BI17: 13550.159 | BJ17: 19610.128 | BK17: 23021.134 | BL17: 21164.891 | BM17: 23190.208 | BN17: 25179.644 | BO17: 27952.093 | BP17: 30756.111 | BQ17: 32009.53 | BR17: 31819.054 | BS17: 29591.712 | BT17: 32288.811 | BU17: 36409.699 | BV17: 39808.803 | BW17: 40069.422 | BX17: 35714.448 | BY17: 38401.697 | BZ17: 46876.465 | CA17: 43645.604 | CB17: 46264.362 | CC17: 51323.642 | CD17: 50651.779 | CE17: 49450.997 | CF17: 48603.665 | CG17: 54329.137 | CH17: 55702.021 | CI17: 56699.882 | CJ17: 53343.526 | CK17: 56559.839 | CL17: 57501.924 | CM17: 58119.829 | CN17: 63986.673 | CO17: 66024.447
A18: Salta | B18: 999.10699 | C18: 1023.8321 | D18: 989.44439 | E18: 1161.958 | F18: 1212.067 | G18: 1321.1476 | H18: 1362.022 | I18: 1518.0274 | J18: 1592.2413 | K18: 1522.3379 | L18: 1668.4318 | M18: 1555.6136 | N18: 1818.3319 | O18: 1711.654 | P18: 1671.914 | Q18: 1308.0753 | R18: 1382.2492 | S18: 1481.7676 | T18: 1728.3143 | U18: 1910.441 | V18: 1914.896 | W18: 2123.47 | X18: 2037.8333 | Y18: 2047.4784 | Z18: 2399.9252 | AA18: 2250.6826 | AB18: 2330.1594 | AC18: 2588.4162 | AD18: 2668.3588 | AE18: 2987.1065 | AF18: 3136.6789 | AG18: 3647.688 | AH18: 4046.9218 | AI18: 3849.5533 | AJ18: 3793.0975 | AK18: 3710.5674 | AL18: 3863.0852 | AM18: 3622.211 | AN18: 3868.9639 | AO18: 4490.3245 | AP18: 4927.9992 | AQ18: 5414.3671 | AR18: 6130.0765 | AS18: 7200.1719 | AT18: 7164.9698 | AU18: 7256.2622 | AV18: 7631.5507 | AW18: 7481.7837 | AX18: 8602.4301 | AY18: 8107.6061 | AZ18: 8995.1085 | BA18: 10321.022 | BB18: 11019.055 | BC18: 12010.502 | BD18: 14793.798 | BE18: 15426.126 | BF18: 17672.177 | BG18: 19452.121 | BH18: 22968.405 | BI18: 24607.326 | BJ18: 30828.447 | BK18: 33372.666 | BL18: 37647.399 | BM18: 42862.43 | BN18: 42359.679 | BO18: 41132.038 | BP18: 44134.948 | BQ18: 50214.684 | BR18: 55302.604 | BS18: 51055.182 | BT18: 53534.745 | BU18: 48594.6 | BV18: 53054.097 | BW18: 50339.773 | BX18: 49797.413 | BY18: 51877.167 | BZ18: 55718.162 | CA18: 53664.591 | CB18: 55940.533 | CC18: 65839.761 | CD18: 62274.135 | CE18: 63794.818 | CF18: 64668.43 | CG18: 62394.847 | CH18: 68690.516 | CI18: 62276.507 | CJ18: 58460.322 | CK18: 65668.347 | CL18: 66653.716 | CM18: 66384.835
A19: San Juan | B19: 435.92185 | C19: 421.19058 | D19: 396.41449 | E19: 447.14156 | F19: 466.83978 | G19: 468.67916 | H19: 464.41256 | I19: 522.08765 | J19: 506.09875 | K19: 522.8864 | L19: 569.85658 | M19: 536.2279 | N19: 625.86126 | O19: 539.63358 | P19: 558.64664 | Q19: 580.52167 | R19: 532.34258 | S19: 554.62618 | T19: 588.24991 | U19: 609.71954 | V19: 616.50321 | W19: 663.66136 | X19: 703.56321 | Y19: 799.11101 | Z19: 889.68217 | AA19: 793.54003 | AB19: 839.70529 | AC19: 1000.56 | AD19: 918.96755 | AE19: 1022.3192 | AF19: 1077.0009 | AG19: 1094.1198 | AH19: 1205.1049 | AI19: 1214.7658 | AJ19: 1315.36 | AK19: 1271.2764 | AL19: 1473.1645 | AM19: 1258.6644 | AN19: 1481.6494 | AO19: 1568.1988 | AP19: 1685.0391 | AQ19: 1740.5408 | AR19: 2059.3668 | AS19: 2082.1659 | AT19: 2132.7613 | AU19: 2217.0722 | AV19: 2398.5924 | AW19: 2379.4993 | AX19: 3218.8675 | AY19: 2607.1695 | AZ19: 3328.7805 | BA19: 3545.9789 | BB19: 3987.2044 | BC19: 4059.5243 | BD19: 4450.117 | BE19: 4673.4128 | BF19: 5517.0352 | BG19: 6404.7088 | BH19: 6800.3047 | BI19: 7542.5931 | BJ19: 9627.388 | BK19: 10190.059 | BL19: 11507.109 | BM19: 12546.597 | BN19: 13305.076 | BO19: 12787.707 | BP19: 13408.34 | BQ19: 14181.701 | BR19: 14645.714 | BS19: 14642.555 | BT19: 15914.087 | BU19: 15681.28 | BV19: 18108.39 | BW19: 17292.784 | BX19: 17285.711 | BY19: 18699.216 | BZ19: 20087.513 | CA19: 20394.017 | CB19: 20251.113 | CC19: 21439.294 | CD19: 21744.627 | CE19: 22756.999 | CF19: 22836.09 | CG19: 23956.205 | CH19: 25908.118 | CI19: 24534.546 | CJ19: 24144.662 | CK19: 27019.945 | CL19: 26638.949 | CM19: 28380.703 | CN19: 26918.167 | CO19: 27616.746
A20: San Luis | B20: 492.5437 | C20: 504.02786 | D20: 471.58915 | E20: 495.9772 | F20: 564.40306 | G20: 567.29141 | H20: 560.603 | I20: 629.74985 | J20: 685.78148 | K20: 626.11282 | L20: 724.17198 | M20: 692.95664 | N20: 724.25628 | O20: 718.36373 | P20: 648.55783 | Q20: 589.00283 | R20: 621.77275 | S20: 708.25047 | T20: 779.80299 | U20: 817.55958 | V20: 787.77503 | W20: 811.00602 | X20: 844.56047 | Y20: 890.45136 | Z20: 1044.2811 | AA20: 951.34452 | AB20: 956.98223 | AC20: 1088.4344 | AD20: 1069.4353 | AE20: 1165.3071 | AF20: 1248.5534 | AG20: 1352.5205 | AH20: 1359.3444 | AI20: 1462.774 | AJ20: 1520.277 | AK20: 1595.7875 | AL20: 1836.9219 | AM20: 1666.7565 | AN20: 1743.077 | AO20: 2005.7161 | AP20: 2134.4341 | AQ20: 2253.9745 | AR20: 2469.1179 | AS20: 2583.3629 | AT20: 2945.0713 | AU20: 2905.3537 | AV20: 3095.1313 | AW20: 3151.1565 | AX20: 3548.5722 | AY20: 4038.1506 | AZ20: 3510.1234 | BA20: 4085.9359 | BB20: 4599.9915 | BC20: 4907.0457 | BD20: 5355.1335 | BE20: 6022.2255 | BF20: 6597.1665 | BG20: 7085.3407 | BH20: 8255.227 | BI20: 8774.1741 | BJ20: 11688.84 | BK20: 11748.551 | BL20: 12828.79 | BM20: 13717.233 | BN20: 15035.424 | BO20: 15388.336 | BP20: 15865.643 | BQ20: 17576.458 | BR20: 17660.06 | BS20: 17672.951 | BT20: 19059.869 | BU20: 19240.283 | BV20: 21362.317 | BW20: 19962.1 | BX20: 19098.953 | BY20: 19746.578 | BZ20: 21988.442 | CA20: 21966.023 | CB20: 23642.708 | CC20: 24554.405 | CD20: 23115.563 | CE20: 23545.547 | CF20: 24911.47 | CG20: 25110.654 | CH20: 27476.858 | CI20: 25734.661 | CJ20: 24638.265 | CK20: 26842.186 | CL20: 27705.083 | CM20: 28344.808 | CN20: 29640.515 | CO20: 30965.546
A21: Santa Cruz | B21: 798.22262 | C21: 755.34762 | D21: 748.70826 | E21: 803.15206 | F21: 892.97196 | G21: 869.05724 | H21: 854.21556 | I21: 925.62098 | J21: 900.95 | K21: 1016.874 | L21: 1069.6009 | M21: 1081.2797 | N21: 1151.7678 | O21: 1067.9713 | P21: 977.57741 | Q21: 987.39789 | R21: 767.80543 | S21: 682.20355 | T21: 850.68725 | U21: 929.68769 | V21: 946.51819 | W21: 1059.4814 | X21: 1168.8794 | Y21: 1063.4121 | Z21: 1379.3455 | AA21: 1244.3984 | AB21: 1337.1569 | AC21: 1557.76 | AD21: 1557.6543 | AE21: 1602.6066 | AF21: 1708.5483 | AG21: 1883.3168 | AH21: 1943.0304 | AI21: 2022.7012 | AJ21: 2118.5845 | AK21: 2214.1324 | AL21: 2387.8365 | AM21: 2214.8691 | AN21: 2247.8633 | AO21: 2582.7164 | AP21: 2568.9898 | AQ21: 2814.0825 | AR21: 3239.3041 | AS21: 3233.7742 | AT21: 3547.8456 | AU21: 3505.0484 | AV21: 3894.3262 | AW21: 4341.9156 | AX21: 4678.3724 | AY21: 4381.1927 | AZ21: 5111.6622 | BA21: 5541.5132 | BB21: 6134.625 | BC21: 6207.7247 | BD21: 7602.468 | BE21: 7329.9193 | BF21: 7344.2316 | BG21: 9781.236 | BH21: 9786.7781 | BI21: 10460.519 | BJ21: 15455.829 | BK21: 18459.564 | BL21: 18825.752 | BM21: 19927.221 | BN21: 20698.181 | BO21: 20908.6 | BP21: 21198.803 | BQ21: 22409.997 | BR21: 23037.556 | BS21: 23835.701 | BT21: 26865.455 | BU21: 25865.402 | BV21: 29402.172 | BW21: 27070.331 | BX21: 26074.069 | BY21: 26411.929 | BZ21: 28665.679 | CA21: 26534.822 | CB21: 27525.765 | CC21: 28314.541 | CD21: 27354.579 | CE21: 28557.536 | CF21: 29441.094 | CG21: 31477.382 | CH21: 43618.754 | CI21: 33881.242 | CJ21: 30440.326 | CK21: 34433.435 | CL21: 34138.652 | CM21: 36455.454 | CN21: 35857.137
A22: Santa Fe | B22: 4231.9022 | C22: 4274.4126 | D22: 4059.827 | E22: 4424.36 | F22: 4707.3568 | G22: 4706.9602 | H22: 4656.802 | I22: 5137.6305 | J22: 5619.167 | K22: 5563.79 | L22: 6270.88 | M22: 6249.2 | N22: 6455.96 | O22: 6128.32 | P22: 5554.87 | Q22: 5144.59 | R22: 6375.79 | S22: 6707.28 | T22: 7666.76 | U22: 7847.8 | V22: 7650.01 | W22: 8063.27 | X22: 8754.31 | Y22: 7884.11 | Z22: 9153.37 | AA22: 8449.3 | AB22: 8785.24 | AC22: 9782.63 | AD22: 10627.13 | AE22: 11079.17 | AF22: 11415.9 | AG22: 11975.48 | AH22: 12622 | AI22: 12636.59 | AJ22: 14047.55 | AK22: 14317.62 | AL22: 15298.79 | AM22: 13908.27 | AN22: 14200.76 | AO22: 17121.61 | AP22: 18556.21 | AQ22: 20150.05 | AR22: 22240.18 | AS22: 21707.07 | AT22: 24322.26 | AU22: 24595.83 | AV22: 25608.93 | AW22: 26477.42 | AX22: 29994.86 | AY22: 26096.83 | AZ22: 28756.38 | BA22: 33063.36 | BB22: 38413.7 | BC22: 42258.33 | BD22: 46668.92 | BE22: 53202.55 | BF22: 58793.86 | BG22: 65625.57 | BH22: 67863.41 | BI22: 76224.77 | BJ22: 99467.98 | BK22: 111216 | BL22: 119433.73 | BM22: 125146.25 | BN22: 135385.96 | BO22: 145011.72 | BP22: 140278.95 | BQ22: 153482.3 | BR22: 154188.27 | BS22: 153002.12 | BT22: 167082.55 | BU22: 163510 | BV22: 177762.54 | BW22: 182525.14 | BX22: 160059.53 | BY22: 178527.5 | BZ22: 198473.87 | CA22: 213065.27 | CB22: 216795.63 | CC22: 224448.63 | CD22: 224415.3 | CE22: 235115.49 | CF22: 217308.37 | CG22: 236835.58 | CH22: 252042.73 | CI22: 233884.7 | CJ22: 214852.27 | CK22: 244288.83 | CL22: 250584.41 | CM22: 259217.74
A23: S del Estero | B23: s.d | C23: s.d | D23: s.d | E23: s.d | F23: s.d | G23: s.d | H23: s.d | I23: s.d | J23: s.d | K23: s.d | L23: s.d | M23: s.d | N23: s.d | O23: s.d | P23: s.d | Q23: s.d | R23: s.d | S23: s.d | T23: s.d | U23: s.d | V23: s.d | W23: s.d | X23: s.d | Y23: s.d | Z23: s.d | AA23: s.d | AB23: s.d | AC23: s.d | AD23: s.d | AE23: s.d | AF23: s.d | AG23: s.d | AH23: s.d | AI23: s.d | AJ23: s.d | AK23: s.d | AL23: s.d | AM23: s.d | AN23: s.d | AO23: s.d | AP23: s.d | AQ23: s.d | AR23: s.d | AS23: s.d | AT23: s.d | AU23: s.d | AV23: s.d | AW23: s.d | AX23: s.d | AY23: s.d | AZ23: s.d | BA23: s.d | BB23: s.d | BC23: s.d | BD23: s.d | BE23: s.d | BF23: s.d | BG23: s.d | BH23: s.d | BI23: s.d | BJ23: 7510.0534 | BK23: 7922.6371 | BL23: 8562.9067 | BM23: 9250.7523 | BN23: 10003.158 | BO23: 11363.236 | BP23: 11984.058 | BQ23: 13220.293 | BR23: 13536.068 | BS23: 13116.722 | BT23: 13850.876 | BU23: 13202.609 | BV23: 14628.209 | BW23: 13458.092 | BX23: 12708.498 | BY23: 14075.634 | BZ23: 15146.81 | CA23: 16892.523 | CB23: 17412.155 | CC23: 17188.966 | CD23: 16947.803 | CE23: 17804.767 | CF23: 19298.927 | CG23: 17495.421 | CH23: 19136.851 | CI23: 17031.966 | CJ23: 17048.152 | CK23: 18988.354 | CL23: 19855.224 | CM23: 23250.689 | CN23: 25196.298 | CO23: 25903.907
A24: T del Fuego | B24: 365.7815 | C24: 355.3179 | D24: 331.859 | E24: 375.87764 | F24: 479.81446 | G24: 434.37561 | H24: 453.70685 | I24: 424.66149 | J24: 441.74727 | K24: 451.03449 | L24: 447.52592 | M24: 410.48911 | N24: 505.40903 | O24: 522.65023 | P24: 470.88857 | Q24: 406.04667 | R24: 384.14595 | S24: 346.63928 | T24: 485.39895 | U24: 529.32471 | V24: 526.73569 | W24: 511.2787 | X24: 592.5607 | Y24: 606.68109 | Z24: 741.74859 | AA24: 658.55539 | AB24: 685.29409 | AC24: 805.30264 | AD24: 746.18232 | AE24: 824.63391 | AF24: 839.38724 | AG24: 968.33264 | AH24: 990.2353 | AI24: 938.20823 | AJ24: 950.79206 | AK24: 978.08117 | AL24: 1203.041 | AM24: 934.67634 | AN24: 1044.1902 | AO24: 1294.0156 | AP24: 1279.4063 | AQ24: 1432.7504 | AR24: 1795.0075 | AS24: 1672.0178 | AT24: 1814.3694 | AU24: 1746.1835 | AV24: 1997.0546 | AW24: 1999.377 | AX24: 2295.5188 | AY24: 2116.8559 | AZ24: 2170.8253 | BA24: 2752.1989 | BB24: 2962.4066 | BC24: 3105.202 | BD24: 3513.9763 | BE24: 3779.6889 | BF24: 4088.2426 | BG24: 4711.8361 | BH24: 4602.5405 | BI24: 4913.0811 | BJ24: 6184.3579 | BK24: 5570.5826 | BL24: 7300.899 | BM24: 6779.673 | BN24: 8299.3374 | BO24: 9237.7848 | BP24: 9033.7513 | BQ24: 9819.7463 | BR24: 10774.34 | BS24: 10857.287 | BT24: 11146.046 | BU24: 11784.885 | BV24: 12457.303 | BW24: 12171.237 | BX24: 10524.443 | BY24: 11592.952 | BZ24: 13076.632 | CA24: 12640.159 | CB24: 13063.704 | CC24: 14372.117 | CD24: 14461.638 | CE24: 14356.865 | CF24: 13331.693 | CG24: 15139.898 | CH24: 15966.197 | CI24: 16443.894 | CJ24: 14093.73 | CK24: 16785.535 | CL24: 14835.389 | CM24: 15456.1 | CN24: 15948.205
A25: Tucumán | B25: 1573.3915 | C25: 1498.5974 | D25: 1389.3973 | E25: 1490.3778 | F25: 1636.6078 | G25: 1671.6003 | H25: 1760.4694 | I25: 1876.9662 | J25: 2011.0975 | K25: 1951.7522 | L25: 2241.6276 | M25: 2091.186 | N25: 2122.3696 | O25: 2044.0464 | P25: 1893.9787 | Q25: 1854.4643 | R25: 2077.5095 | S25: 2352.6793 | T25: 2587.5883 | U25: 2786.0928 | V25: 2828.0989 | W25: 2947.8038 | X25: 3305.0779 | Y25: 3146.8068 | Z25: 3471.8497 | AA25: 3096.8424 | AB25: 3164.268 | AC25: 3653.14 | AD25: 3671.1847 | AE25: 3914.0274 | AF25: 4244.5362 | AG25: 4534.3047 | AH25: 4668.7121 | AI25: 4744.9013 | AJ25: 5222.4456 | AK25: 5095.5784 | AL25: 5497.3747 | AM25: 4957.1509 | AN25: 5056.0915 | AO25: 5935.5986 | AP25: 6241.314 | AQ25: 6561.302 | AR25: 7432.2624 | AS25: 7780.8787 | AT25: 8382.3173 | AU25: 8671.8457 | AV25: 8993.9667 | AW25: 9854.3924 | AX25: 10507.425 | AY25: 9522.5778 | AZ25: 10163.784 | BA25: 11965.999 | BB25: 12871.03 | BC25: 13899.143 | BD25: 16088.337 | BE25: 17202.73 | BF25: 19952.855 | BG25: 21921.758 | BH25: 25036.196 | BI25: 27407.739 | BJ25: 36464.192 | BK25: 34133.26 | BL25: 36548.097 | BM25: 41762.349 | BN25: 44618.46 | BO25: 47910.033 | BP25: 50769.803 | BQ25: 57040.172 | BR25: 60605.207 | BS25: 57062.019 | BT25: 62950.557 | BU25: 65358.714 | BV25: 67454.34 | BW25: 66011.834 | BX25: 61938.838 | BY25: 66306.256 | BZ25: 75378.777 | CA25: 76819.476 | CB25: 75949.888 | CC25: 81888.631 | CD25: 81160.684 | CE25: 81774.353 | CF25: 86177.642 | CG25: 80906.996 | CH25: 88016.267 | CI25: 80312.846 | CJ25: 77702.768 | CK25: 87642.341 | CL25: 89826.603 | CM25: 93217.063 | CN25: 98375.483
A26: TOTAL | B26: =SUM(B2:B25) -> 56597.311 | C26: =SUM(C2:C25) -> 54796.157 | D26: =SUM(D2:D25) -> 51248.965 | E26: =SUM(E2:E25) -> 56582.949 | F26: =SUM(F2:F25) -> 60474.096 | G26: =SUM(G2:G25) -> 60800.747 | H26: =SUM(H2:H25) -> 62670.801 | I26: =SUM(I2:I25) -> 68346.926 | ... CO26: =SUM(CO2:CO25) -> 1688030.8
A28: -valores expresados en millones de pesos corrientes-

Sheet INMOBILIARIO
A1: JURISDICCIÓN | B1: 43466 | C1: 43497 | D1: 43525 | E1: 43556 | F1: 43586 | G1: 43617 | H1: 43647 | I1: 43678 | J1: 43709 | K1: 43739 | L1: 43770 | M1: 43800 | N1: 43831 | O1: 43862 | P1: 43891 | Q1: 43922 | R1: 43952 | S1: 43983 | T1: 44013 | U1: 44044 | V1: 44075 | W1: 44105 | X1: 44136 | Y1: 44166 | Z1: 44197 | AA1: 44228 | AB1: 44256 | AC1: 44287 | AD1: 44317 | AE1: 44348 | AF1: 44378 | AG1: 44409 | AH1: 44440 | AI1: 44470 | AJ1: 44501 | AK1: 44531 | AL1: 44562 | AM1: 44593 | AN1: 44621 | AO1: 44652 | AP1: 44682 | AQ1: 44713 | AR1: 44743 | AS1: 44774 | AT1: 44805 | AU1: 44835 | AV1: 44866 | AW1: 44896 | AX1: 44927 | AY1: 44958 | AZ1: 44986 | BA1: 45017 | BB1: 45047 | BC1: 45078 | BD1: 45108 | BE1: 45139 | BF1: 45170 | BG1: 45200 | BH1: 45231 | BI1: 45261 | BJ1: 45292 | BK1: 45323 | BL1: 45352 | BM1: 45383 | BN1: 45413 | BO1: 45444 | BP1: 45474 | BQ1: 45505 | BR1: 45536 | BS1: 45566 | BT1: 45597 | BU1: 45627 | BV1: 45658 | BW1: 45689 | BX1: 45717 | BY1: 45748 | BZ1: 45778 | CA1: 45809 | CB1: 45839 | CC1: 45870 | CD1: 45901 | CE1: 45931 | CF1: 45962 | CG1: 45992 | CH1: 46023 | CI1: 46054 | CJ1: 46082 | CK1: 46113 | CL1: 46143 | CM1: 46174 | CN1: 46204 | CO1: 46235
A2: Buenos Aires | B2: 1226.5471 | C2: 4704.8496 | D2: 3511.523 | E2: 2481.635 | F2: 1273.472 | G2: 4345.516 | H2: 1185.264 | I2: 2387.168 | J2: 3054.385 | K2: 2224.606 | L2: 2941.94 | M2: 567.61252 | N2: 511.5572 | O2: 4310.9526 | P2: 6500.6298 | Q2: 3763.026 | R2: 2253.723 | S2: 6441.217 | T2: 931.312 | U2: 3236.249 | V2: 4516.091 | W2: 3358.117 | X2: 4762.313 | Y2: 1574.478 | Z2: 909.7778 | AA2: 9834.0418 | AB2: 8216.2523 | AC2: 5720.817 | AD2: 2187.278 | AE2: 10453.338 | AF2: 1781.747 | AG2: 5268.08 | AH2: 6162.772 | AI2: 4702.069 | AJ2: 6012.966 | AK2: 1374.165 | AL2: 1063.6568 | AM2: 15602.852 | AN2: 12430.073 | AO2: 8324.9295 | AP2: 3668.5386 | AQ2: 14756.541 | AR2: 2777.0353 | AS2: 9506.2153 | AT2: 9130.7027 | AU2: 8506.9932 | AV2: 8644.3045 | AW2: 2061.3563 | AX2: 1672.7716 | AY2: 24845.654 | AZ2: 21139.945 | BA2: 14307.587 | BB2: 5006.6653 | BC2: 24506.468 | BD2: 5034.1536 | BE2: 15558.264 | BF2: 13524.049 | BG2: 13986.146 | BH2: 13231.454 | BI2: 3735.9164 | BJ2: 3911.4416 | BK2: 78954.517 | BL2: 65039.333 | BM2: 73853.092 | BN2: 15645.713 | BO2: 107363.79 | BP2: 24355.806 | BQ2: 77415.282 | BR2: 62412.815 | BS2: 113055.37 | BT2: 92181.564 | BU2: 18781.576 | BV2: 12069.027 | BW2: 21758.626 | BX2: 122406.77 | BY2: 77794.236 | BZ2: 65141.946 | CA2: 92547.706 | CB2: 31422.986 | CC2: 63487.424 | CD2: 57873.959 | CE2: 27281.368 | CF2: 71790.475 | CG2: 90856.798 | CH2: 26695.322 | CI2: 177086.64 | CJ2: 129891.38 | CK2: 96687.897 | CL2: 30836.735 | CM2: 150011.97 | CN2: 31286.51
A3: CABA | B3: 3373.1 | C3: 1737.7 | D3: 1585.6 | E3: 1556.1 | F3: 1679.2 | G3: 1507.6 | H3: 1693.3 | I3: 1561 | J3: 1580.4 | K3: 1625.5 | L3: 1529.7 | M3: 1436.5 | N3: 4682.4 | O3: 2703 | P3: 1622.3 | Q3: 1369.3 | R3: 1535.3 | S3: 1739.1 | T3: 1735.5 | U3: 1727.6 | V3: 1909 | W3: 1981.7 | X3: 1954.7 | Y3: 2250.1 | Z3: 5719.3 | AA3: 3034.3 | AB3: 2874.3 | AC3: 2644 | AD3: 2469.4 | AE3: 3086 | AF3: 3028.3 | AG3: 3103.3 | AH3: 3304.2 | AI3: 2936.4 | AJ3: 3166.5 | AK3: 4304.4 | AL3: 8090 | AM3: 4328.1 | AN3: 3780 | AO3: 3748.1 | AP3: 3925 | AQ3: 4120.2 | AR3: 4587 | AS3: 4842.7 | AT3: 4830.1 | AU3: 4675.9 | AV3: 5203.4 | AW3: 6943.8 | AX3: 14950.6 | AY3: 7524.9 | AZ3: 6565.4 | BA3: 6600.6 | BB3: 8396.7 | BC3: 8118.7 | BD3: 8950.9 | BE3: 9402.4 | BF3: 9629.7 | BG3: 11203.8 | BH3: 11203.6 | BI3: 16275.1 | BJ3: 36979.3 | BK3: 20911.9 | BL3: 15685.7 | BM3: 18935.6 | BN3: 22921.9 | BO3: 22576.1 | BP3: 31399.5 | BQ3: 34911.8 | BR3: 40088 | BS3: 41232.4 | BT3: 39735 | BU3: 39209.2 | BV3: 53403.6 | BW3: 56977.9 | BX3: 46971.6 | BY3: 100360.2 | BZ3: 75660 | CA3: 58955.2 | CB3: 70777.9 | CC3: 65465.1 | CD3: 68754.9 | CE3: 71976.2 | CF3: 68191.3 | CG3: 70997.3 | CH3: 184080.8 | CI3: 67615.7 | CJ3: 67899.1 | CK3: 70713.5 | CL3: 78150.3 | CM3: 76143.3 | CN3: 80207.5 | CO3: 78469.1
A4: Catamarca | B4: 3.811711 | C4: 11.365122 | D4: 26.508076 | E4: 12.946 | F4: 10.262878 | G4: 6.9107145 | H4: 8.617762 | I4: 7.2623826 | J4: 6.2719869 | K4: 4.9805559 | L4: 4.7301393 | M4: 5.7880268 | N4: 7.3038993 | O4: 16.814372 | P4: 20.924261 | Q4: 13.761504 | R4: 15.363776 | S4: 15.939545 | T4: 10.442074 | U4: 8.3316475 | V4: 8.739288 | W4: 7.9472741 | X4: 6.2047367 | Y4: 7.2991347 | Z4: 5.8644668 | AA4: 18.55478 | AB4: 35.422 | AC4: 21.551 | AD4: 27.896369 | AE4: 17.13485 | AF4: 15.311792 | AG4: 12.783587 | AH4: 16.525913 | AI4: 12.187401 | AJ4: 10.90826 | AK4: 5.1303963 | AL4: 9.503037 | AM4: 29.348409 | AN4: 79.634196 | AO4: 16.920326 | AP4: 35.299105 | AQ4: 47.944792 | AR4: 14.436868 | AS4: 45.929136 | AT4: 23.526963 | AU4: 25.791772 | AV4: 15.142049 | AW4: 18.523347 | AX4: 13.458302 | AY4: 33.534831 | AZ4: 117.99443 | BA4: 64.155379 | BB4: 58.98714 | BC4: 35.812518 | BD4: 160.65171 | BE4: 59.27 | BF4: 46.58 | BG4: 36.657981 | BH4: 37.850346 | BI4: 30.049302 | BJ4: 38.271954 | BK4: 206.10578 | BL4: 523.52059 | BM4: 301.58274 | BN4: 285.57109 | BO4: 145.82241 | BP4: 171.73976 | BQ4: 146.68223 | BR4: 192.03083 | BS4: 146.20855 | BT4: 89.656884 | BU4: 136.1011 | BV4: 207.56363 | BW4: 484.9852 | BX4: 1208.0582 | BY4: 887.96879 | BZ4: 975.29977 | CA4: 583.90538 | CB4: 648.72853 | CC4: 252.8456 | CD4: 318.15989 | CE4: 335.55326 | CF4: 221.02644 | CG4: 301.18449 | CH4: 272.52249 | CI4: 700.51361 | CJ4: 1962.2393 | CK4: 1483.1485 | CL4: 867.19721 | CM4: 657.73306 | CN4: 1158.0564 | CO4: 409.92193
A5: Chaco (**) | B5: 18.783584 | C5: 8.4565299 | D5: 6.9526153 | E5: 3.5786347 | F5: 3.4355501 | G5: 2.8271558 | H5: 5.6273057 | I5: 3.0196779 | J5: 2.8118675 | K5: 2.8130231 | L5: 6.945849 | M5: 12.374993 | N5: 19.299049 | O5: 13.012319 | P5: 12.777924 | Q5: 11.030697 | R5: 6.1977172 | S5: 7.6097011 | T5: 8.7189273 | U5: 6.6516504 | V5: 6.6510555 | W5: 4.9161747 | X5: 9.3400324 | Y5: 6.7884113 | Z5: 15.341905 | AA5: 14.799748 | AB5: 14.964144 | AC5: 9.2051198 | AD5: 17.654349 | AE5: 21.477133 | AF5: 9.9703576 | AG5: 7.5476374 | AH5: 7.279731 | AI5: 13.754559 | AJ5: 17.796638 | AK5: 22.870121 | AL5: 20.549072 | AM5: 11.757419 | AN5: 15.335343 | AO5: 23.500928 | AP5: 18.965363 | AQ5: 10.912262 | AR5: 9.4747696 | AS5: 8.3316178 | AT5: 5.6035223 | AU5: 5.9118025 | AV5: 9.8456095 | AW5: 20.906988 | AX5: 20.198622 | AY5: 11.970405 | AZ5: 11.01696 | BA5: 5.0554922 | BB5: 6.3916702 | BC5: 7.6979937 | BD5: 15.338484 | BE5: 18.328736 | BF5: 7.3276433 | BG5: 8.4818593 | BH5: 18.966336 | BI5: 30.412537 | BJ5: 17.33251 | BK5: 21.357154 | BL5: 20.45521 | BM5: 9.1394847 | BN5: 18.257057 | BO5: 17.116004 | BP5: 10.773413 | BQ5: 8.0449202 | BR5: 72.993032 | BS5: 22.360268 | BT5: 37.751079 | BU5: 35.833278 | BV5: 16.827831 | BW5: 42.712179 | BX5: 16.599802 | BY5: 11.669192 | BZ5: 9.9239821 | CA5: 6.3265125 | CB5: 7.4330835 | CC5: 5.0702127 | CD5: 8.4154973 | CE5: 5.7131083 | CF5: 110.12744 | CG5: 43.507321 | CH5: 42.127874 | CI5: 109.4813 | CJ5: 155.71712 | CK5: 237.63898 | CL5: 257.83436 | CM5: 217.5335 | CN5: 78.453227 | CO5: 35.931434
A6: Chubut (**) | B6: 0 | C6: 0 | D6: 0 | E6: 0 | F6: 0 | G6: 0 | H6: 0 | I6: 0 | J6: 0 | K6: 0 | L6: 0 | M6: 0 | N6: 0 | O6: 0 | P6: 0 | Q6: 0 | R6: 0 | S6: 0 | T6: 0 | U6: 0 | V6: 0 | W6: 0 | X6: 0 | Y6: 0 | Z6: 0 | AA6: 0 | AB6: 1 | AC6: 2 | AD6: 1 | AE6: 4 | AF6: 1 | AG6: 1 | AH6: 4 | AI6: 2 | AJ6: 0 | AK6: 5 | AL6: 1 | AM6: 2 | AN6: 11 | AO6: 2 | AP6: 2 | AQ6: 4 | AR6: 2 | AS6: 2 | AT6: 3 | AU6: 2 | AV6: 4 | AW6: 2 | AX6: 0 | AY6: 0 | AZ6: 0 | BA6: 0 | BB6: 0 | BC6: 0 | BD6: 0 | BE6: 0 | BF6: 0 | BG6: 0 | BH6: 35 | BI6: -33 | BJ6: 3 | BK6: 14 | BL6: 25 | BM6: 13 | BN6: 9 | BO6: 10 | BP6: 10 | BQ6: 5 | BR6: 20 | BS6: 3 | BT6: 7 | BU6: 10 | BV6: 8 | BW6: 46 | BX6: 109 | BY6: 8 | BZ6: 6 | CA6: 16 | CB6: 16 | CC6: 15 | CD6: 30 | CE6: 37 | CF6: 30 | CG6: 54 | CH6: 30 | CI6: 21 | CJ6: 27 | CK6: 47 | CL6: 127 | CM6: 120 | CN6: 59 | CO6: 38
A7: Córdoba | B7: 859.62501 | C7: 2024.2759 | D7: 1620.6698 | E7: 1293.9143 | F7: 1460.5654 | G7: 685.44187 | H7: 727.87914 | I7: 725.51619 | J7: 698.20879 | K7: 749.49766 | L7: 717.81124 | M7: 770.69074 | N7: 1415.879 | O7: 3023.5344 | P7: 1358.5389 | Q7: 2179.0335 | R7: 2206.2106 | S7: 990.94815 | T7: 958.7936 | U7: 1006.5548 | V7: 1202.9116 | W7: 979.12278 | X7: 1028.2524 | Y7: 1163.5256 | Z7: 1831.1714 | AA7: 3869.6984 | AB7: 2249.1237 | AC7: 2256.2188 | AD7: 4332.6042 | AE7: 1498.8015 | AF7: 1469.0054 | AG7: 1568.5794 | AH7: 1506.9115 | AI7: 1421.3809 | AJ7: 1388.4879 | AK7: 1566.2546 | AL7: 2751.1799 | AM7: 5306.7634 | AN7: 2541.6112 | AO7: 3097.9505 | AP7: 7109.7966 | AQ7: 2185.5187 | AR7: 2070.7917 | AS7: 2418.7151 | AT7: 2437.14 | AU7: 2041.1974 | AV7: 2084.552 | AW7: 2147.3829 | AX7: 4202.347 | AY7: 7140.5318 | AZ7: 4559.3653 | BA7: 4272.7345 | BB7: 11179.39 | BC7: 3474.6304 | BD7: 3268.3652 | BE7: 3216.1364 | BF7: 3095.7198 | BG7: 3392.1916 | BH7: 3346.3566 | BI7: 3380.1412 | BJ7: 9142.6018 | BK7: 38390.409 | BL7: 16320.65 | BM7: 13141.132 | BN7: 12185.619 | BO7: 7890.8838 | BP7: 8988.5306 | BQ7: 8871.9398 | BR7: 9280.6735 | BS7: 9494.1678 | BT7: 8622.2927 | BU7: 9338.2466 | BV7: 18055.744 | BW7: 94728.092 | BX7: 48143.383 | BY7: 35425.133 | BZ7: 56026.14 | CA7: 24994.543 | CB7: 21194.032 | CC7: 25370.011 | CD7: 18816.811 | CE7: 25613.905 | CF7: 21939.683 | CG7: 26553.937 | CH7: 45075.524 | CI7: 85744.067 | CJ7: 61322.929 | CK7: 56237.193 | CL7: 91294.381 | CM7: 44508.858 | CN7: 29123.032 | CO7: 27650.898
A8: Corrientes | B8: s.d | C8: s.d | D8: s.d | E8: s.d | F8: s.d | G8: s.d | H8: s.d | I8: s.d | J8: s.d | K8: s.d | L8: s.d | M8: s.d | N8: s.d | O8: s.d | P8: s.d | Q8: s.d | R8: s.d | S8: s.d | T8: s.d | U8: s.d | V8: s.d | W8: s.d | X8: s.d | Y8: s.d | Z8: s.d | AA8: s.d | AB8: s.d | AC8: s.d | AD8: s.d | AE8: s.d | AF8: s.d | AG8: s.d | AH8: s.d | AI8: s.d | AJ8: s.d | AK8: s.d | AL8: s.d | AM8: s.d | AN8: s.d | AO8: s.d | AP8: s.d | AQ8: s.d | AR8: s.d | AS8: s.d | AT8: s.d | AU8: s.d | AV8: s.d | AW8: s.d | AX8: s.d | AY8: s.d | AZ8: s.d | BA8: s.d | BB8: s.d | BC8: s.d | BD8: s.d | BE8: s.d | BF8: s.d | BG8: s.d | BH8: s.d | BI8: s.d | BJ8: 101.28392 | BK8: 149.08152 | BL8: 198.78435 | BM8: 1376.2785 | BN8: 286.84039 | BO8: 508.34411 | BP8: 306.25968 | BQ8: 581.37703 | BR8: 313.80028 | BS8: 570.10443 | BT8: 241.16307 | BU8: 206.9 | BV8: 132.98 | BW8: 231.17474 | BX8: 343.76442 | BY8: 3381.3494 | BZ8: 429.72081 | CA8: 1145.6417 | CB8: 443.95627 | CC8: 1079.601 | CD8: 595.27404 | CE8: 1145.3297 | CF8: 509.26468 | CG8: 279.45639 | CH8: 295.86018 | CI8: 310.06835 | CJ8: 718.13711 | CK8: 5275.9159 | CL8: 525.78508 | CM8: 1526.8834 | CN8: 501.2105
A9: Entre Ríos | B9: 196.48618 | C9: 628.71719 | D9: 159.09176 | E9: 897.48228 | F9: 464.17591 | G9: 210.02854 | H9: 530.19793 | I9: 356.592 | J9: 126.18418 | K9: 696.66737 | L9: 93.809325 | M9: 682.42196 | N9: 123.80903 | O9: 936.73252 | P9: 74.169035 | Q9: 32.063483 | R9: 1007.3911 | S9: 209.21616 | T9: 642.95573 | U9: 437.57476 | V9: 131.40765 | W9: 972.46172 | X9: 129.17191 | Y9: 1000.0657 | Z9: 98.937494 | AA9: 1193.9672 | AB9: 170.57311 | AC9: 1337.9 | AD9: 727.32353 | AE9: 326.19184 | AF9: 1002.6356 | AG9: 738.58203 | AH9: 291.42031 | AI9: 1444.4116 | AJ9: 268.27176 | AK9: 1455.0347 | AL9: 194.48031 | AM9: 1863.5362 | AN9: 254.00515 | AO9: 295.35363 | AP9: 2591.4721 | AQ9: 275.11013 | AR9: 1137.0989 | AS9: 969.87824 | AT9: 350.86538 | AU9: 1953.46 | AV9: 338.01329 | AW9: 1955.8971 | AX9: 294.54296 | AY9: 2809.918 | AZ9: 467.9692 | BA9: 288.11461 | BB9: 3654.1004 | BC9: 459.68301 | BD9: 1721.8549 | BE9: 1790.105 | BF9: 563.72359 | BG9: 3045.7694 | BH9: 546.00713 | BI9: 3161.57 | BJ9: 702.80985 | BK9: 433.51617 | BL9: 545.13588 | BM9: 8072.6235 | BN9: 8702.1699 | BO9: 5595.66 | BP9: 5665.8474 | BQ9: 3749.7896 | BR9: 1059.7032 | BS9: 8106.8057 | BT9: 1255.2688 | BU9: 8204.4679 | BV9: 944.30146 | BW9: 787.20233 | BX9: 756.33421 | BY9: 15539.676 | BZ9: 20068.878 | CA9: 9192.2568 | CB9: 11027.158 | CC9: 8735.4507 | CD9: 4731.2467 | CE9: 18603.537 | CF9: 3278.6251 | CG9: 17847.976 | CH9: 2777.234 | CI9: 21947.15 | CJ9: 6351.9416 | CK9: 11384.358 | CL9: 29765.72 | CM9: 12586.459 | CN9: 13952.935 | CO9: 12643.237
A10: Formosa (**) | B10: 1.9864405 | C10: 4.0490268 | D10: 16.429161 | E10: 4.2105273 | F10: 4.3155613 | G10: 5.380245 | H10: 3.2542848 | I10: 2.4292643 | J10: 3.0957419 | K10: 3.2904476 | L10: 1.5970082 | M10: 3.1071824 | N10: 3.5268241 | O10: 2.623257 | P10: 5.0739912 | Q10: 10.004487 | R10: 5.5793585 | S10: 10.477745 | T10: 4.0610361 | U10: 3.2587531 | V10: 3.6659977 | W10: 3.2247259 | X10: 5.6608656 | Y10: 3.6198091 | Z10: 3.0217351 | AA10: 6.6032313 | AB10: 21.429374 | AC10: 19.17 | AD10: 6.870366 | AE10: 10.688297 | AF10: 7.6748263 | AG10: 6.2481988 | AH10: 7.8084607 | AI10: 8.8603781 | AJ10: 6.5905707 | AK10: 11.065628 | AL10: 5.4308609 | AM10: 9.3567669 | AN10: 24.639122 | AO10: 9.8765147 | AP10: 12.797377 | AQ10: 14.016145 | AR10: 11.948108 | AS10: 11.586025 | AT10: 10.459629 | AU10: 10.388869 | AV10: 8.5707828 | AW10: 9.9086605 | AX10: 5.7826598 | AY10: 9.3060708 | AZ10: 30.38081 | BA10: 10.545881 | BB10: 9.5221267 | BC10: 15.682989 | BD10: 18.16785 | BE10: 11.621862 | BF10: 13.205152 | BG10: 11.39951 | BH10: 10.391588 | BI10: 16.583759 | BJ10: 13.473558 | BK10: 17.634508 | BL10: 49.258518 | BM10: 35.440909 | BN10: 30.143325 | BO10: 66.512644 | BP10: 86.201848 | BQ10: 65.188433 | BR10: 60.616258 | BS10: 60.856144 | BT10: 58.205743 | BU10: 60.984719 | BV10: 51.961855 | BW10: 61.808091 | BX10: 88.606208 | BY10: 67.309551 | BZ10: 68.180008 | CA10: 62.413399 | CB10: 74.620397 | CC10: 60.934076 | CD10: 62.715327 | CE10: 64.943202 | CF10: 77.852225 | CG10: 77.697648 | CH10: 53.696131 | CI10: 51.507627 | CJ10: 106.65196 | CK10: 90.597546 | CL10: 157.41854 | CM10: 166.92978 | CN10: 154.14612 | CO10: 117.9439
A11: Jujuy | B11: 46.361 | C11: 110.873 | D11: 53.481 | E11: 18.716 | F11: 15.784 | G11: 12.113 | H11: 14.771 | I11: 10.973 | J11: 9.985 | K11: 10.804 | L11: 8.959 | M11: 13.602 | N11: 68.152 | O11: 171.321 | P11: 45.76 | Q11: 13.315 | R11: 20.684 | S11: 13.505 | T11: 10.057 | U11: 7.983 | V11: 15.422 | W11: 21.743 | X11: 22.729 | Y11: 25.532064 | Z11: 107.154 | AA11: 158.887 | AB11: 133.83118 | AC11: 30.27 | AD11: 23.80874 | AE11: 27.125442 | AF11: 26.373685 | AG11: 20.200518 | AH11: 20.330827 | AI11: 19.301123 | AJ11: 21.568882 | AK11: 25.766515 | AL11: 125.49326 | AM11: 325.66574 | AN11: 162.26216 | AO11: 52.214081 | AP11: 36.902874 | AQ11: 29.287023 | AR11: 38.034984 | AS11: 37.343031 | AT11: 34.000816 | AU11: 28.89277 | AV11: 30.133011 | AW11: 40.541172 | AX11: 234.83802 | AY11: 315.08815 | AZ11: 393.61365 | BA11: 80.532108 | BB11: 57.710211 | BC11: 49.671276 | BD11: 54.1047 | BE11: 52.856773 | BF11: 42.955826 | BG11: 51.938244 | BH11: 58.201824 | BI11: 58.417628 | BJ11: 510.99839 | BK11: 1198.3414 | BL11: 728.05743 | BM11: 252.80869 | BN11: 137.47006 | BO11: 122.89564 | BP11: 168.32618 | BQ11: 136.90413 | BR11: 131.75223 | BS11: 211.92026 | BT11: 225.53831 | BU11: 220.29877 | BV11: 1126.611 | BW11: 3095.958 | BX11: 1735.0218 | BY11: 758.67089 | BZ11: 308.28703 | CA11: 232.2449 | CB11: 353.75914 | CC11: 276.39086 | CD11: 343.13791 | CE11: 303.10141 | CF11: 230.61715 | CG11: 346.54054 | CH11: 1444.9843 | CI11: 2770.0879 | CJ11: 2784.6449 | CK11: 809.5562 | CL11: 466.65216 | CM11: 585.15436 | CN11: 689.96657 | CO11: 734.69903
A12: La Pampa | B12: s.d | C12: s.d | D12: s.d | E12: s.d | F12: s.d | G12: s.d | H12: s.d | I12: s.d | J12: s.d | K12: s.d | L12: s.d | M12: s.d | N12: s.d | O12: s.d | P12: s.d | Q12: s.d | R12: s.d | S12: s.d | T12: s.d | U12: s.d | V12: s.d | W12: s.d | X12: s.d | Y12: s.d | Z12: s.d | AA12: s.d | AB12: s.d | AC12: s.d | AD12: s.d | AE12: s.d | AF12: s.d | AG12: s.d | AH12: s.d | AI12: s.d | AJ12: s.d | AK12: s.d | AL12: s.d | AM12: s.d | AN12: s.d | AO12: s.d | AP12: s.d | AQ12: s.d | AR12: s.d | AS12: s.d | AT12: s.d | AU12: s.d | AV12: s.d | AW12: s.d | AX12: s.d | AY12: s.d | AZ12: s.d | BA12: s.d | BB12: s.d | BC12: s.d | BD12: s.d | BE12: s.d | BF12: s.d | BG12: s.d | BH12: s.d | BI12: s.d | BJ12: 215.30074 | BK12: 153.78647 | BL12: 197.96758 | BM12: 2328.4025 | BN12: 1581.9105 | BO12: 1342.9353 | BP12: 1887.0444 | BQ12: 700.00919 | BR12: 1645.3041 | BS12: 698.48485 | BT12: 680.96558 | BU12: 393.17888 | BV12: 284.95327 | BW12: 239.7437 | BX12: 447.02817 | BY12: 5548.9373 | BZ12: 3138.7894 | CA12: 3295.26 | CB12: 4013.4953 | CC12: 1533.118 | CD12: 3729.3898 | CE12: 1380.502 | CF12: 1227.7073 | CG12: 948.96689 | CH12: 603.31671 | CI12: 440.4323 | CJ12: 1489.8806 | CK12: 7765.8285 | CL12: 4018.6922 | CM12: 4455.1754 | CN12: 4948.1668
A13: La Rioja | B13: 1.7411391 | C13: 3.4648764 | D13: 8.7362731 | E13: 12.997656 | F13: 2.6737796 | G13: 2.0405183 | H13: 2.0058976 | I13: 3.1715152 | J13: 4.6933476 | K13: 3.7548753 | L13: 2.136701 | M13: 2.7152601 | N13: 3.2594324 | O13: 4.5407581 | P13: 7.4429018 | Q13: 3.5505954 | R13: 8.8524572 | S13: 4.8174716 | T13: 2.973835 | U13: 2.3540037 | V13: 1.6942837 | W13: 2.3440237 | X13: 2.5728544 | Y13: 4.5107218 | Z13: 4.564326 | AA13: 6.4299341 | AB13: 16.201026 | AC13: 19.79 | AD13: 6.3544025 | AE13: 4.3013772 | AF13: 4.8687815 | AG13: 5.3426608 | AH13: 4.5706366 | AI13: 4.3687067 | AJ13: 4.8720057 | AK13: 5.4263422 | AL13: 5.316675 | AM13: 12.074813 | AN13: 51.693161 | AO13: 21.822271 | AP13: 11.226035 | AQ13: 10.031713 | AR13: 10.171534 | AS13: 10.326577 | AT13: 8.576956 | AU13: 7.2463781 | AV13: 7.2259653 | AW13: 6.9733762 | AX13: 11.897618 | AY13: 23.123232 | AZ13: 79.411757 | BA13: 38.7081 | BB13: 16.870237 | BC13: 14.101612 | BD13: 14.604741 | BE13: 16.533563 | BF13: 13.860549 | BG13: 13.640472 | BH13: 12.35055 | BI13: 12.622764 | BJ13: 26.477176 | BK13: 44.872826 | BL13: 146.96444 | BM13: 106.67418 | BN13: 58.752219 | BO13: 61.339928 | BP13: 83.823559 | BQ13: 113.53998 | BR13: 83.247767 | BS13: 108.91752 | BT13: 149.1017 | BU13: 218.2566 | BV13: 204.7095 | BW13: 287.58682 | BX13: 824.28655 | BY13: 395.60924 | BZ13: 238.31705 | CA13: 182.64926 | CB13: 161.85895 | CC13: 177.5965 | CD13: 153.04958 | CE13: 147.11221 | CF13: 147.3753 | CG13: 161.23262 | CH13: 177.77757 | CI13: 331.47543 | CJ13: 1204.5789 | CK13: 506.49487 | CL13: 293.1149 | CM13: 270.88437 | CN13: 229.44346 | CO13: 258.17669
A14: Mendoza | B14: 24.767326 | C14: 29.87702 | D14: 642.94626 | E14: 75.537728 | F14: 166.12841 | G14: 54.316682 | H14: 157.3583 | I14: 53.781816 | J14: 155.42588 | K14: 55.180391 | L14: 156.84226 | M14: 86.291241 | N14: 41.864982 | O14: 77.772566 | P14: 542.79941 | Q14: 249.66527 | R14: 222.57398 | S14: 105.00744 | T14: 199.93575 | U14: 86.616593 | V14: 211.60415 | W14: 88.987776 | X14: 203.81873 | Y14: 161.11258 | Z14: 61.482934 | AA14: 51.977279 | AB14: 1046.7623 | AC14: 177.04 | AD14: 275.74156 | AE14: 131.75961 | AF14: 313.17006 | AG14: 123.37628 | AH14: 296.39308 | AI14: 118.12746 | AJ14: 320.24994 | AK14: 240.33818 | AL14: 83.236124 | AM14: 327.0882 | AN14: 1377.4777 | AO14: 214.6703 | AP14: 429.43915 | AQ14: 192.50383 | AR14: 423.56948 | AS14: 208.78317 | AT14: 454.53885 | AU14: 212.98732 | AV14: 464.89278 | AW14: 365.06222 | AX14: 186.48602 | AY14: 2559.3937 | AZ14: 663.30669 | BA14: 713.81586 | BB14: 316.76509 | BC14: 776.90045 | BD14: 346.19146 | BE14: 821.29463 | BF14: 400.57322 | BG14: 853.34235 | BH14: 540.95624 | BI14: 1261.8954 | BJ14: 887.24567 | BK14: 7059.9881 | BL14: 1607.9016 | BM14: 2278.952 | BN14: 1178.0377 | BO14: 2207.5006 | BP14: 1302.6651 | BQ14: 2512.36 | BR14: 1156.2557 | BS14: 2433.5323 | BT14: 1189.7447 | BU14: 3480.7161 | BV14: 1685.7639 | BW14: 18424.955 | BX14: 3316.3431 | BY14: 4726.6893 | BZ14: 1813.9679 | CA14: 3865.0784 | CB14: 1721.2308 | CC14: 4100.2921 | CD14: 1835.1406 | CE14: 4174.854 | CF14: 1792.155 | CG14: 5555.5566 | CH14: 2083.622 | CI14: 23855.459 | CJ14: 6685.7805 | CK14: 5994.356 | CL14: 2742.9332 | CM14: 5982.7231 | CN14: 2914.0033 | CO14: 6080.1966
A15: Misiones | B15: 30.529113 | C15: 58.207782 | D15: 31.294019 | E15: 23.429119 | F15: 22.967219 | G15: 23.328142 | H15: 24.985006 | I15: 22.605118 | J15: 21.987882 | K15: 8.50158 | L15: 6.360462 | M15: 9.092708 | N15: 51.25577 | O15: 206.41951 | P15: 78.1335 | Q15: 3.6501701 | R15: 8.4292655 | S15: 14.78789 | T15: 19.832362 | U15: 18.729549 | V15: 17.465823 | W15: 14.930145 | X15: 13.301794 | Y15: 22.406209 | Z15: 50.238128 | AA15: 355.77063 | AB15: 186.14822 | AC15: 23.45 | AD15: 21.428326 | AE15: 23.94201 | AF15: 26.038524 | AG15: 26.448455 | AH15: 23.762522 | AI15: 21.946126 | AJ15: 18.922355 | AK15: 19.792744 | AL15: 378.27739 | AM15: 397.93784 | AN15: 422.94342 | AO15: 37.734847 | AP15: 27.796661 | AQ15: 29.697889 | AR15: 27.07767 | AS15: 34.453208 | AT15: 27.611177 | AU15: 25.241349 | AV15: 21.565483 | AW15: 24.565462 | AX15: 96.6 | AY15: 1094.6 | AZ15: 1060.4 | BA15: 40.7 | BB15: 32.9 | BC15: 31.1 | BD15: 37.4 | BE15: 36.8 | BF15: 31.1 | BG15: 29.9 | BH15: 30.1 | BI15: 48 | BJ15: 1906.423 | BK15: 1754.1695 | BL15: 1688.9237 | BM15: 97.762335 | BN15: 98.152348 | BO15: 108.0487 | BP15: 109.50998 | BQ15: 96.851147 | BR15: 102.9784 | BS15: 123.00548 | BT15: 82.31354 | BU15: 94.485351 | BV15: 2345.9539 | BW15: 3028.6306 | BX15: 1850.1253 | BY15: 1671.3015 | BZ15: 1637.4338 | CA15: 1630.5137 | CB15: 1640.0115 | CC15: 1639.406 | CD15: 348.59612 | CE15: 332.61517 | CF15: 252.09053 | CG15: 370.54094 | CH15: 3004.0058 | CI15: 2522.6776 | CJ15: 1172.2723 | CK15: 678.59136 | CL15: 534.69133 | CM15: 633.05421 | CN15: 1420.9512 | CO15: 1366.3251
A16: Neuquén | B16: 175.1071 | C16: 56.680352 | D16: 75.255004 | E16: 111.78388 | F16: 51.461424 | G16: 45.854002 | H16: 135.94525 | I16: 90.282529 | J16: 54.828698 | K16: 52.358218 | L16: 53.387486 | M16: 65.661063 | N16: 297.24907 | O16: 113.96731 | P16: 66.054941 | Q16: 36.51297 | R16: 39.260602 | S16: 64.74913 | T16: 250.18303 | U16: 96.894282 | V16: 72.846341 | W16: 65.161349 | X16: 63.232779 | Y16: 94.945391 | Z16: 338.35921 | AA16: 153.38997 | AB16: 153.70049 | AC16: 114.55287 | AD16: 101.02292 | AE16: 105.4229 | AF16: 325.567 | AG16: 211.00811 | AH16: 139.93084 | AI16: 132.53319 | AJ16: 138.05958 | AK16: 146.47011 | AL16: 600.4297 | AM16: 201.53045 | AN16: 260.03283 | AO16: 225.22065 | AP16: 199.97208 | AQ16: 211.82827 | AR16: 628.76319 | AS16: 297.87162 | AT16: 195.52866 | AU16: 154.76651 | AV16: 176.75543 | AW16: 240.50824 | AX16: 1030.8909 | AY16: 404.13221 | AZ16: 456.15057 | BA16: 290.84927 | BB16: 292.76945 | BC16: 380.33927 | BD16: 1001.2289 | BE16: 496.42368 | BF16: 427.30637 | BG16: 427.02919 | BH16: 390.51249 | BI16: 563.35034 | BJ16: 2356.4882 | BK16: 936.11731 | BL16: 1070.6999 | BM16: 953.32339 | BN16: 891.90475 | BO16: 853.11913 | BP16: 5370.2916 | BQ16: 2017.3881 | BR16: 1621.6209 | BS16: 1469.0455 | BT16: 1243.757 | BU16: 1192.7252 | BV16: 8198.4512 | BW16: 2964.5974 | BX16: 2401.7738 | BY16: 2254.1146 | BZ16: 2022.7929 | CA16: 2029.5298 | CB16: 5266.6499 | CC16: 2669.883 | CD16: 2427.0738 | CE16: 2187.6975 | CF16: 1839.501 | CG16: 2070.9698 | CH16: 12129.153 | CI16: 5276.7164 | CJ16: 2887.1373 | CK16: 3254.3533 | CL16: 2827.9769 | CM16: 2803.403 | CN16: 6345.1295
A17: Río Negro | B17: 171.31862 | C17: 217.07602 | D17: 91.545727 | E17: 35.596174 | F17: 54.455204 | G17: 29.702273 | H17: 58.685313 | I17: 33.671981 | J17: 56.896616 | K17: 30.54427 | L17: 53.134215 | M17: 31.991453 | N17: 290.14832 | O17: 232.55653 | P17: 148.1216 | Q17: 14.729886 | R17: 44.439801 | S17: 29.343782 | T17: 63.781458 | U17: 39.480807 | V17: 73.238517 | W17: 45.416984 | X17: 91.116015 | Y17: 51.849299 | Z17: 252.66967 | AA17: 391.43317 | AB17: 267.00596 | AC17: 164.39 | AD17: 125.46203 | AE17: 69.587815 | AF17: 127.05259 | AG17: 68.886686 | AH17: 140.28205 | AI17: 69.838367 | AJ17: 133.33942 | AK17: 94.755689 | AL17: 329.55647 | AM17: 422.20274 | AN17: 585.49404 | AO17: 271.23176 | AP17: 173.21392 | AQ17: 109.32559 | AR17: 176.55015 | AS17: 123.89223 | AT17: 183.71914 | AU17: 119.39325 | AV17: 187.55224 | AW17: 153.45649 | AX17: 445.24112 | AY17: 683.25726 | AZ17: 1037.6837 | BA17: 440.84997 | BB17: 367.38944 | BC17: 161.52554 | BD17: 307.65471 | BE17: 243.3602 | BF17: 324.89906 | BG17: 208.58745 | BH17: 323.26598 | BI17: 175.56301 | BJ17: 1388.2795 | BK17: 2531.802 | BL17: 680.12249 | BM17: 491.90703 | BN17: 576.41363 | BO17: 567.13715 | BP17: 791.47492 | BQ17: 794.9273 | BR17: 917.06578 | BS17: 1000.7399 | BT17: 985.30742 | BU17: 997.21919 | BV17: 4527.0245 | BW17: 8889.0553 | BX17: 3417.2486 | BY17: 1495.2084 | BZ17: 1319.4263 | CA17: 1252.493 | CB17: 1468.8467 | CC17: 1399.5341 | CD17: 1450.1251 | CE17: 1492.2198 | CF17: 1405.1642 | CG17: 1530.4874 | CH17: 6120.8724 | CI17: 10023.299 | CJ17: 5307.7347 | CK17: 2097.3847 | CL17: 1652.8536 | CM17: 1850.3491 | CN17: 2046.224 | CO17: 2019.6273
A18: Salta (**) | B18: 4.451131 | C18: 7.1474233 | D18: 29.890011 | E18: 8.061 | F18: 7.291 | G18: 25.64614 | H18: 7.532 | I18: 6.0768493 | J18: 31.903209 | K18: 7.3826509 | L18: 30.101259 | M18: 15.514335 | N18: 8.3952125 | O18: 10.071683 | P18: 30.958265 | Q18: 6.6203441 | R18: 10.896264 | S18: 38.625302 | T18: 11.704996 | U18: 14.900147 | V18: 33.791465 | W18: 14.622619 | X18: 38.828705 | Y18: 17.254922 | Z18: 16.607271 | AA18: 16.502519 | AB18: 55.856711 | AC18: 20.584442 | AD18: 16.705811 | AE18: 43.943675 | AF18: 14.7716 | AG18: 18.014 | AH18: 46.449781 | AI18: 18.175469 | AJ18: 42.882512 | AK18: 20.619568 | AL18: 14.226178 | AM18: 20.223423 | AN18: 61.727368 | AO18: 23.198409 | AP18: 17.845524 | AQ18: 44.532072 | AR18: 17.950903 | AS18: 19.718858 | AT18: 51.119231 | AU18: 20.293429 | AV18: 52.015948 | AW18: 26.732204 | AX18: 15.56924 | AY18: 29.833021 | AZ18: 64.337933 | BA18: 23.577891 | BB18: 23.110794 | BC18: 47.155294 | BD18: 22.405014 | BE18: 29.071643 | BF18: 53.186964 | BG18: 19.05543 | BH18: 49.791385 | BI18: 27.004153 | BJ18: 24.218036 | BK18: 35.37675 | BL18: 76.263239 | BM18: 39.294348 | BN18: 36.045248 | BO18: 55.545473 | BP18: 40.532417 | BQ18: 22.880234 | BR18: 48.534789 | BS18: 25.271294 | BT18: 48.719164 | BU18: 43.155918 | BV18: 15.113208 | BW18: 32.072138 | BX18: 116.31987 | BY18: 61.229018 | BZ18: 44.343557 | CA18: 130.54275 | CB18: 38.848897 | CC18: 36.402136 | CD18: 128.00372 | CE18: 64.174275 | CF18: 116.35746 | CG18: 64.060121 | CH18: 33.419337 | CI18: 57.724881 | CJ18: 432.59613 | CK18: 120.81258 | CL18: 66.044893 | CM18: 276.07883
A19: San Juan | B19: 25.72438 | C19: 58.858179 | D19: 100.29232 | E19: 25.406114 | F19: 24.404453 | G19: 31.298966 | H19: 29.766518 | I19: 32.853461 | J19: 25.260799 | K19: 26.532289 | L19: 24.624347 | M19: 28.814174 | N19: 31.303447 | O19: 75.606776 | P19: 57.476178 | Q19: 60.702087 | R19: 55.278337 | S19: 39.798907 | T19: 39.105582 | U19: 40.009548 | V19: 32.33445 | W19: 39.298158 | X19: 38.314657 | Y19: 39.842118 | Z19: 26.717319 | AA19: 244.99005 | AB19: 64.946182 | AC19: 44.59 | AD19: 40.17071 | AE19: 46.204856 | AF19: 52.569097 | AG19: 59.763368 | AH19: 50.80965 | AI19: 41.028636 | AJ19: 45.231335 | AK19: 49.895929 | AL19: 70.7688 | AM19: 337.72597 | AN19: 91.716167 | AO19: 72.983079 | AP19: 75.702932 | AQ19: 77.669213 | AR19: 93.36086 | AS19: 105.32017 | AT19: 71.869566 | AU19: 74.693797 | AV19: 74.663032 | AW19: 69.588343 | AX19: 101.56587 | AY19: 546.31425 | AZ19: 210.28186 | BA19: 130.95602 | BB19: 144.95862 | BC19: 143.95245 | BD19: 164.6004 | BE19: 183.25902 | BF19: 143.69205 | BG19: 143.11956 | BH19: 137.96746 | BI19: 153.2001 | BJ19: 350.94917 | BK19: 980.03453 | BL19: 425.91706 | BM19: 325.24893 | BN19: 443.37896 | BO19: 492.79063 | BP19: 1083.999 | BQ19: 687.66763 | BR19: 361.19042 | BS19: 338.66917 | BT19: 275.98006 | BU19: 246.03315 | BV19: 175.56475 | BW19: 1740.3507 | BX19: 944.5565 | BY19: 533.83582 | BZ19: 386.48165 | CA19: 345.10872 | CB19: 399.14415 | CC19: 416.91821 | CD19: 332.42221 | CE19: 319.64375 | CF19: 284.3706 | CG19: 400.23287 | CH19: 544.82849 | CI19: 2779.5727 | CJ19: 1026.5759 | CK19: 595.77557 | CL19: 458.44131 | CM19: 513.49724 | CN19: 554.55339 | CO19: 610.2281
A20: San Luis | B20: 18.559059 | C20: 52.123152 | D20: 90.482527 | E20: 33.011089 | F20: 70.771478 | G20: 23.701805 | H20: 43.084 | I20: 23.02454 | J20: 42.141911 | K20: 18.096305 | L20: 43.282614 | M20: 30.040359 | N20: 19.991082 | O20: 31.226008 | P20: 95.590076 | Q20: 9.8225831 | R20: 21.332134 | S20: 67.094135 | T20: 88.66869 | U20: 32.748883 | V20: 53.454161 | W20: 29.994499 | X20: 91.598272 | Y20: 50.140017 | Z20: 55.472791 | AA20: 83.917433 | AB20: 152.71417 | AC20: 69.638163 | AD20: 86.025286 | AE20: 60.148645 | AF20: 71.314756 | AG20: 49.579034 | AH20: 72.965282 | AI20: 48.258864 | AJ20: 69.109 | AK20: 79.741539 | AL20: 44.620643 | AM20: 84.456416 | AN20: 195.24346 | AO20: 77.348545 | AP20: 121.22342 | AQ20: 62.960682 | AR20: 77.32403 | AS20: 60.687658 | AT20: 67.55898 | AU20: 53.085654 | AV20: 71.605728 | AW20: 64.544032 | AX20: 45.645634 | AY20: 88.303255 | AZ20: 324.55909 | BA20: 96.983903 | BB20: 197.50294 | BC20: 83.996935 | BD20: 91.274769 | BE20: 112.10007 | BF20: 94.652989 | BG20: 73.474783 | BH20: 86.240436 | BI20: 134.46569 | BJ20: 102.18049 | BK20: 420.81814 | BL20: 1390.3724 | BM20: 334.19744 | BN20: 780.59924 | BO20: 262.49181 | BP20: 430.16714 | BQ20: 290.01692 | BR20: 330.33127 | BS20: 268.66175 | BT20: 390.63054 | BU20: 654.57581 | BV20: 453.11075 | BW20: 1429.8025 | BX20: 4573.6643 | BY20: 803.78916 | BZ20: 572.46851 | CA20: 607.18507 | CB20: 673.51144 | CC20: 573.39724 | CD20: 703.0679 | CE20: 713.40122 | CF20: 734.87423 | CG20: 1424.1115 | CH20: 716.50241 | CI20: 7188.399 | CJ20: 3998.8762 | CK20: 1415.2172 | CL20: 996.81506 | CM20: 1121.2261 | CN20: 1191.244 | CO20: 1187.5063
A21: Santa Cruz (**) | B21: 0.03937712 | C21: 0.06704816 | D21: 1.5852392 | E21: 0.5279682 | F21: 0.24304843 | G21: 0.11455503 | H21: 0.25011798 | I21: 0.29612229 | J21: 0.06371096 | K21: 0.08394279 | L21: 0.05807579 | M21: 0.09631868 | N21: 0.07257404 | O21: 0.08383175 | P21: 0.16954614 | Q21: 0.02612784 | R21: 0.01305053 | S21: 0.70635887 | T21: 0.89531497 | U21: 0.06538218 | V21: 0.22637407 | W21: 0.03850926 | X21: 0.03668344 | Y21: 0.11349588 | Z21: 0.13726255 | AA21: 0.16941318 | AB21: 0.55765506 | AC21: 0.69 | AD21: 0.2882044 | AE21: 0.54464476 | AF21: 0.44472426 | AG21: 0.09889195 | AH21: 0.23842933 | AI21: 0.05595248 | AJ21: 0.19612993 | AK21: 0.22413461 | AL21: 0.10027957 | AM21: 0.01431262 | AN21: 0.10733036 | AO21: 0.35161588 | AP21: 0.2308092 | AQ21: 0.89061904 | AR21: 0.42488389 | AS21: 0.47105198 | AT21: 0.3049249 | AU21: 0.18159096 | AV21: 0.14507063 | AW21: 0.00734393 | AX21: 0.07477283 | AY21: 0.0859313 | AZ21: 0.19695709 | BA21: 0.12972524 | BB21: 0.39116308 | BC21: 0.29711623 | BD21: 0.16976955 | BE21: 0.14599202 | BF21: 0.10883349 | BG21: 0.27537713 | BH21: 0.09298767 | BI21: 0.3184672 | BJ21: 1.7270087 | BK21: 0.65590872 | BL21: 0.19475922 | BM21: 0.04265883 | BN21: 0.18643394 | BO21: 0.07516929 | BP21: 1.5545573 | BQ21: 0.21866605 | BR21: 0.50214227 | BS21: 2.2939891 | BT21: 0.17706509 | BU21: 0.44596409 | BV21: 0.13452442 | BW21: 0.51829734 | BX21: 3.7636059 | BY21: 0.54765194 | BZ21: 0.31168738 | CA21: 0.45514095 | CB21: 0.08430613 | CC21: 0.05169349 | CD21: 1.1050389 | CE21: 0.2387642 | CF21: 0.72005759 | CG21: 0.23487874 | CH21: =103597.75/1000000 -> 0.10359775 | CI21: 0.19836266 | CJ21: 0.11968311 | CK21: 0.50724955 | CL21: 1.285403 | CM21: 1.5607284 | CN21: 1.9969737
A22: Santa Fe | B22: 181.5707 | C22: 949.02336 | D22: 450.56156 | E22: 536.15 | F22: 455.01174 | G22: 481.75321 | H22: 561.44072 | I22: 777.82687 | J22: 555.89794 | K22: 705.26 | L22: 537.13 | M22: 698.07 | N22: 210.01 | O22: 1641.61 | P22: 694.35 | Q22: 670.51 | R22: 817.12 | S22: 1085.56 | T22: 857.85 | U22: 921.35 | V22: 819.35 | W22: 888.64 | X22: 760.27 | Y22: 935.95 | Z22: 328.38 | AA22: 2561.63 | AB22: 1144.11 | AC22: 1232.05 | AD22: 1139.69 | AE22: 1383.36 | AF22: 1052.27 | AG22: 1328.05 | AH22: 1013.53 | AI22: 1141.95 | AJ22: 621.02 | AK22: 764.61 | AL22: 396.77 | AM22: 3839.55 | AN22: 1250.34 | AO22: 1424.44 | AP22: 1393.21 | AQ22: 1582.64 | AR22: 1114.22 | AS22: 1500.71 | AT22: 1109.21 | AU22: 1332.29 | AV22: 683.28 | AW22: 939.34 | AX22: 935.83 | AY22: 5687.24 | AZ22: 1496.74 | BA22: 1867.97 | BB22: 1284.5 | BC22: 1857.95 | BD22: 1233.47 | BE22: 2159.4 | BF22: 1225.08 | BG22: 1992.63 | BH22: 934.18 | BI22: 1452.05 | BJ22: 1609.31 | BK22: 14958.04 | BL22: 2426.21 | BM22: 4997.67 | BN22: 3238.33 | BO22: 4903.31 | BP22: 5990.01 | BQ22: 9126.45 | BR22: 7267.69 | BS22: 9995.35 | BT22: 4316.64 | BU22: 7018.23 | BV22: 3751.68 | BW22: 53330.19 | BX22: 8063.27 | BY22: 9894.49 | BZ22: 8148.99 | CA22: 11162.04 | CB22: 8077.29 | CC22: 12956.81 | CD22: 8230.66 | CE22: 12906.18 | CF22: 6132.98 | CG22: 9246.48 | CH22: 10403.61 | CI22: 75163.02 | CJ22: 11714.35 | CK22: 13381.2 | CL22: 8916.75 | CM22: 14744.38
A23: S del Estero | B23: s.d | C23: s.d | D23: s.d | E23: s.d | F23: s.d | G23: s.d | H23: s.d | I23: s.d | J23: s.d | K23: s.d | L23: s.d | M23: s.d | N23: s.d | O23: s.d | P23: s.d | Q23: s.d | R23: s.d | S23: s.d | T23: s.d | U23: s.d | V23: s.d | W23: s.d | X23: s.d | Y23: s.d | Z23: s.d | AA23: s.d | AB23: s.d | AC23: s.d | AD23: s.d | AE23: s.d | AF23: s.d | AG23: s.d | AH23: s.d | AI23: s.d | AJ23: s.d | AK23: s.d | AL23: s.d | AM23: s.d | AN23: s.d | AO23: s.d | AP23: s.d | AQ23: s.d | AR23: s.d | AS23: s.d | AT23: s.d | AU23: s.d | AV23: s.d | AW23: s.d | AX23: s.d | AY23: s.d | AZ23: s.d | BA23: s.d | BB23: s.d | BC23: s.d | BD23: s.d | BE23: s.d | BF23: s.d | BG23: s.d | BH23: s.d | BI23: s.d | BJ23: 167.1841 | BK23: 164.11139 | BL23: 1669.3412 | BM23: 2270.2124 | BN23: 638.95603 | BO23: 426.22062 | BP23: 697.49604 | BQ23: 866.10032 | BR23: 291.30991 | BS23: 885.41915 | BT23: 373.82291 | BU23: 652.64291 | BV23: 792.24825 | BW23: 802.50507 | BX23: 886.90754 | BY23: 5848.297 | BZ23: 2433.2117 | CA23: 2954.9362 | CB23: 1863.7812 | CC23: 2336.4046 | CD23: 1645.4153 | CE23: 1549.1494 | CF23: 1910.8493 | CG23: 1840.1776 | CH23: 713.41777 | CI23: 726.00957 | CJ23: 6373.5847 | CK23: 3588.6681 | CL23: 4611.3336 | CM23: 5202.744 | CN23: 3337.4661 | CO23: 3350.6185
A24: T del Fuego (**) | B24: 0.05338747 | C24: 0.03676663 | D24: 0.03525471 | E24: 0.03924249 | F24: 0.16218375 | G24: 0.00801836 | H24: 0.04335538 | I24: 0.00837504 | J24: 0.00284366 | K24: 0 | L24: 1.5569415 | M24: 0.26681012 | N24: 0.14097262 | O24: 0.01710114 | P24: 0.02201096 | Q24: 0 | R24: 0.00165612 | S24: 0.00188486 | T24: 0.01447787 | U24: 0.01636618 | V24: 0.02047249 | W24: 0 | X24: 2.0076544 | Y24: 0.64604885 | Z24: 0.14142765 | AA24: 0.1291471 | AB24: 0.11067135 | AC24: 0.06954285 | AD24: 0.03015079 | AE24: 0.06220009 | AF24: 0.04277992 | AG24: 0.0087953 | AH24: 0.04034666 | AI24: 0.04985791 | AJ24: 2.274617 | AK24: 0.6283528 | AL24: 0.03435481 | AM24: 0.05597358 | AN24: 0.47552961 | AO24: 0.04297413 | AP24: 0.17314512 | AQ24: 0.10370307 | AR24: 0.56408135 | AS24: 0.24142474 | AT24: 0.13905024 | AU24: 0.1148544 | AV24: 3.0195504 | AW24: 0.26358661 | AX24: 0.20822216 | AY24: 0.04602488 | AZ24: 0.31593895 | BA24: 0.20877436 | BB24: 0.02859238 | BC24: 0.07356682 | BD24: 0.0179616 | BE24: 0.02829863 | BF24: 0.00919115 | BG24: 0.19207814 | BH24: 2.9963639 | BI24: 0.60860971 | BJ24: 0.21690035 | BK24: 0.19236062 | BL24: 0.0668862 | BM24: 0.06098404 | BN24: 0.036621 | BO24: 0.50684713 | BP24: 0.13993235 | BQ24: 0.05084333 | BR24: 0.41877928 | BS24: 0.08249475 | BT24: 0.44423901 | BU24: 1.8611236 | BV24: 2.0678529 | BW24: 0.24344786 | BX24: 0.09831664 | BY24: 0.04636675 | BZ24: 0.10814076 | CA24: 0.00189825 | CB24: 0.11424616 | CC24: 0.0254873 | CD24: 0.10507351 | CE24: 0.0165695 | CF24: 0.06522655 | CG24: 2.7685589 | CH24: 1.1753365 | CI24: 0.13771082 | CJ24: 0.23700027 | CK24: 0.28018156 | CL24: 0.17253475 | CM24: 0.31500399 | CN24: 0
A25: Tucumán | B25: 91.568208 | C25: 54.591412 | D25: 52.686277 | E25: 62.56262 | F25: 76.805087 | G25: 75.354788 | H25: 78.440733 | I25: 68.31234 | J25: 66.293485 | K25: 71.670736 | L25: 80.814302 | M25: 356.76099 | N25: 124.70694 | O25: 69.906206 | P25: 58.656048 | Q25: 44.939418 | R25: 55.121232 | S25: 69.108174 | T25: 80.567741 | U25: 84.280612 | V25: 85.080551 | W25: 80.841167 | X25: 89.665159 | Y25: 456.89551 | Z25: 205.52905 | AA25: 101.47567 | AB25: 108.62486 | AC25: 102.05096 | AD25: 101.22343 | AE25: 103.07957 | AF25: 123.25088 | AG25: 130.15457 | AH25: 138.91768 | AI25: 129.82372 | AJ25: 137.53709 | AK25: 695.71645 | AL25: 227.3285 | AM25: 159.45924 | AN25: 167.57924 | AO25: 154.80566 | AP25: 158.98721 | AQ25: 156.13539 | AR25: 149.20582 | AS25: 174.8803 | AT25: 167.67697 | AU25: 159.30947 | AV25: 156.17972 | AW25: 932.14403 | AX25: 394.72775 | AY25: 185.0149 | AZ25: 212.88226 | BA25: 213.85705 | BB25: 228.01249 | BC25: 235.52823 | BD25: 245.58094 | BE25: 252.97669 | BF25: 241.67312 | BG25: 261.92406 | BH25: 261.50784 | BI25: 1960.7545 | BJ25: 776.60547 | BK25: 325.32499 | BL25: 358.1703 | BM25: 468.98323 | BN25: 512.09229 | BO25: 513.31566 | BP25: 675.86522 | BQ25: 680.04486 | BR25: 645.36215 | BS25: 815.63058 | BT25: 725.47698 | BU25: 5590.3019 | BV25: 1635.1728 | BW25: 699.38694 | BX25: 714.38024 | BY25: 767.88332 | BZ25: 763.86113 | CA25: 767.05818 | CB25: 889.40551 | CC25: 808.16035 | CD25: 841.1975 | CE25: 886.63558 | CF25: 840.27056 | CG25: 7451.2156 | CH25: 2065.304 | CI25: 848.61486 | CJ25: 897.67095 | CK25: 983.64107 | CL25: 887.40412 | CM25: 936.2175 | CN25: 1047.3545
A26: TOTAL | B26: =SUM(B2:B25) -> 6452.1306 | C26: =SUM(C2:C25) -> 10717.44 | D26: =SUM(D2:D25) -> 8555.5659 | E26: =SUM(E2:E25) -> 7193.6853 | F26: =SUM(F2:F25) -> 5843.5863 | G26: =SUM(G2:G25) -> 7568.9366 | H26: =SUM(H2:H25) -> 5268.4486 | I26: =SUM(I2:I25) -> 6165.872 | ... CO26: =SUM(CO2:CO25) -> 134972.41
A28: (**) Corresponde solamente al inmobiliario Rural, ya que el Urbano queda en potestad de los municipios
A29: -valores expresados en millones de pesos corrientes-

Sheet AUTOMOTOR
A1: JURISDICCIÓN | B1: 43466 | C1: 43497 | D1: 43525 | E1: 43556 | F1: 43586 | G1: 43617 | H1: 43647 | I1: 43678 | J1: 43709 | K1: 43739 | L1: 43770 | M1: 43800 | N1: 43831 | O1: 43862 | P1: 43891 | Q1: 43922 | R1: 43952 | S1: 43983 | T1: 44013 | U1: 44044 | V1: 44075 | W1: 44105 | X1: 44136 | Y1: 44166 | Z1: 44197 | AA1: 44228 | AB1: 44256 | AC1: 44287 | AD1: 44317 | AE1: 44348 | AF1: 44378 | AG1: 44409 | AH1: 44440 | AI1: 44470 | AJ1: 44501 | AK1: 44531 | AL1: 44562 | AM1: 44593 | AN1: 44621 | AO1: 44652 | AP1: 44682 | AQ1: 44713 | AR1: 44743 | AS1: 44774 | AT1: 44805 | AU1: 44835 | AV1: 44866 | AW1: 44896 | AX1: 44927 | AY1: 44958 | AZ1: 44986 | BA1: 45017 | BB1: 45047 | BC1: 45078 | BD1: 45108 | BE1: 45139 | BF1: 45170 | BG1: 45200 | BH1: 45231 | BI1: 45261 | BJ1: 45292 | BK1: 45323 | BL1: 45352 | BM1: 45383 | BN1: 45413 | BO1: 45444 | BP1: 45474 | BQ1: 45505 | BR1: 45536 | BS1: 45566 | BT1: 45597 | BU1: 45627 | BV1: 45658 | BW1: 45689 | BX1: 45717 | BY1: 45748 | BZ1: 45778 | CA1: 45809 | CB1: 45839 | CC1: 45870 | CD1: 45901 | CE1: 45931 | CF1: 45962 | CG1: 45992 | CH1: 46023 | CI1: 46054 | CJ1: 46082 | CK1: 46113 | CL1: 46143 | CM1: 46174 | CN1: 46204 | CO1: 46235
A2: Buenos Aires | B2: 5618.8722 | C2: 1629.3943 | D2: 3516.8837 | E2: 1682.776 | F2: 3710.287 | G2: 1273.631 | H2: 3982.926 | I2: 1557.965 | J2: 3630.666 | K2: 1155.551 | L2: 885.58 | M2: 659.68224 | N2: 965.88423 | O2: 1760.5898 | P2: 7290.7641 | Q2: 957.537 | R2: 4211.025 | S2: 1635.533 | T2: 4727.342 | U2: 1438.723 | V2: 5160.762 | W2: 1998.378 | X2: 5193.619 | Y2: 2312.361 | Z2: 9710.3251 | AA2: 4542.1788 | AB2: 7554.1786 | AC2: 2427.101 | AD2: 7936.739 | AE2: 2299.019 | AF2: 8075.44 | AG2: 2281.4405 | AH2: 7980.689 | AI2: 2060.648 | AJ2: 1944.156 | AK2: 1897.061 | AL2: 1630.5117 | AM2: 1633.7066 | AN2: 17876.728 | AO2: 3074.4376 | AP2: 12443.211 | AQ2: 3562.8893 | AR2: 13181.007 | AS2: 3712.9114 | AT2: 12532.17 | AU2: 3832.3443 | AV2: 13539.664 | AW2: 3116.6695 | AX2: 3090.644 | AY2: 2618.8943 | AZ2: 25143.837 | BA2: 5501.1317 | BB2: 17107.924 | BC2: 5604.0602 | BD2: 19678.936 | BE2: 5376.8415 | BF2: 19283.142 | BG2: 4371.3125 | BH2: 19931.672 | BI2: 5714.5355 | BJ2: 6350.7501 | BK2: 3984.2145 | BL2: 71969.082 | BM2: 18728.931 | BN2: 65889.495 | BO2: 13451.332 | BP2: 72762.491 | BQ2: 25281.145 | BR2: 73351.225 | BS2: 17084.737 | BT2: 78101.309 | BU2: 18075.571 | BV2: 13425.356 | BW2: 9909.1075 | BX2: 101253.38 | BY2: 53248.923 | BZ2: 76307.439 | CA2: 43481.929 | CB2: 117595.27 | CC2: 34919.011 | CD2: 119778.89 | CE2: 36186.13 | CF2: 117718.49 | CG2: 37657.586 | CH2: 27384.15 | CI2: 18634.389 | CJ2: 120929.42 | CK2: 66791.683 | CL2: 62661.063 | CM2: 68342.617 | CN2: 69623.155
A3: CABA | B3: 955.1 | C3: 1751 | D3: 374 | E3: 1393.6 | F3: 390 | G3: 1305.4 | H3: 510.4 | I3: 1431.3 | J3: 411.7 | K3: 1544.1 | L3: 393.4 | M3: 1568.3 | N3: 1195.1 | O3: 2408.9 | P3: 447.4 | Q3: 1354.9 | R3: 457.7 | S3: 1898.3 | T3: 625.9 | U3: 1943.9 | V3: 774.9 | W3: 2149.5 | X3: 742.1 | Y3: 2179.6 | Z3: 1909 | AA3: 4065.1 | AB3: 1144.5 | AC3: 3038.3 | AD3: 990.3 | AE3: 3349 | AF3: 1300.6 | AG3: 3460.1 | AH3: 1489.1 | AI3: 3159.8 | AJ3: 1221.8 | AK3: 3401.9 | AL3: 929.5 | AM3: 7396.6 | AN3: 2067.9 | AO3: 4579.5 | AP3: 1697.8 | AQ3: 4900.4 | AR3: 1757.9 | AS3: 5345.4 | AT3: 1652.1 | AU3: 4931.5 | AV3: 1807.5 | AW3: 4788.7 | AX3: 2356.5 | AY3: 13141.7 | AZ3: 3855.7 | BA3: 9063.6 | BB3: 3081 | BC3: 9356.8 | BD3: 3340.7 | BE3: 10616.1 | BF3: 3048.8 | BG3: 10572.1 | BH3: 3292.7 | BI3: 11060.7 | BJ3: 9952.3 | BK3: 34442.7 | BL3: 6587.8 | BM3: 24618.6 | BN3: 8170.8 | BO3: 23927.6 | BP3: 9878.3 | BQ3: 30927.1 | BR3: 12485.1 | BS3: 31959.9 | BT3: 10043.1 | BU3: 31981.7 | BV3: 9129.7 | BW3: 71104.7 | BX3: 21998.6 | BY3: 51573.4 | BZ3: 15752.2 | CA3: 50499.9 | CB3: 20417.1 | CC3: 54621.5 | CD3: 17568.3 | CE3: 56507.1 | CF3: 14446 | CG3: 55232 | CH3: 22764.4 | CI3: 87703.1 | CJ3: 35478.9 | CK3: 70253.2 | CL3: 22555.3 | CM3: 72261.9 | CN3: 23775.7 | CO3: 71069.7
A4: Catamarca | B4: 16.966042 | C4: 30.721411 | D4: 58.490135 | E4: 34.601 | F4: 26.763515 | G4: 24.096983 | H4: 32.213653 | I4: 26.750092 | J4: 23.927316 | K4: 16.943397 | L4: 23.217861 | M4: 20.112304 | N4: 27.371327 | O4: 41.858506 | P4: 58.385449 | Q4: 28.574567 | R4: 42.082404 | S4: 54.013544 | T4: 48.257308 | U4: 28.888298 | V4: 32.136034 | W4: 28.423368 | X4: 25.256533 | Y4: 22.510653 | Z4: 21.11938 | AA4: 44.13534 | AB4: 79.977 | AC4: 45.316 | AD4: 84.76277 | AE4: 59.217175 | AF4: 71.015392 | AG4: 43.822156 | AH4: 53.377256 | AI4: 47.458071 | AJ4: 36.809006 | AK4: 43.574322 | AL4: 30.446778 | AM4: 80.13804 | AN4: 169.46091 | AO4: 44.053709 | AP4: 96.387337 | AQ4: 172.88769 | AR4: 46.479251 | AS4: 194.58828 | AT4: 99.530182 | AU4: 62.103498 | AV4: 66.691286 | AW4: 86.283038 | AX4: 62.760257 | AY4: 117.91296 | AZ4: 331.14574 | BA4: 228.27425 | BB4: 201.53189 | BC4: 111.14419 | BD4: 147.72239 | BE4: 275.1 | BF4: 180.31 | BG4: 124.22714 | BH4: 163.40567 | BI4: 135.21274 | BJ4: 144.53482 | BK4: 472.49173 | BL4: 873.48043 | BM4: 710.42422 | BN4: 601.31929 | BO4: 381.70947 | BP4: 493.07347 | BQ4: 336.94461 | BR4: 509.37878 | BS4: 488.65007 | BT4: 272.42557 | BU4: 335.85431 | BV4: 540.03286 | BW4: 729.24574 | BX4: 1400.7855 | BY4: 1352.236 | BZ4: 1431.2435 | CA4: 939.37477 | CB4: 1039.189 | CC4: 575.11329 | CD4: 575.36331 | CE4: 618.97982 | CF4: 408.5395 | CG4: 527.93751 | CH4: 625.53176 | CI4: 938.17277 | CJ4: 2007.5206 | CK4: 1904.2512 | CL4: 1276.8004 | CM4: 877.43017 | CN4: 1344.67 | CO4: 659.40128
A5: Chaco (**) | B5: - | C5: - | D5: - | E5: - | F5: - | G5: - | H5: - | I5: - | J5: - | K5: - | L5: - | M5: - | N5: - | O5: - | P5: - | Q5: - | R5: - | S5: - | T5: - | U5: - | V5: - | W5: - | X5: - | Y5: - | Z5: - | AA5: - | AB5: - | AC5: - | AD5: - | AE5: - | AF5: - | AG5: - | AH5: - | AI5: - | AJ5: - | AK5: - | AL5: - | AM5: - | AN5: - | AO5: - | AP5: - | AQ5: - | AR5: - | AS5: - | AT5: - | AU5: - | AV5: - | AW5: - | AX5: - | AY5: - | AZ5: - | BA5: - | BB5: - | BC5: - | BD5: - | BE5: - | BF5: - | BG5: - | BH5: - | BI5: - | BJ5: - | BK5: - | BL5: - | BM5: - | BN5: - | BO5: - | BP5: - | BQ5: - | BR5: - | BS5: - | BT5: - | BU5: - | BV5: - | BW5: - | BX5: - | BY5: - | BZ5: - | CA5: - | CB5: - | CC5: - | CD5: - | CE5: - | CF5: - | CG5: - | CH5: - | CI5: - | CJ5: - | CK5: - | CL5: - | CM5: - | CN5: - | CO5: -
A6: Chubut (**) | B6: - | C6: - | D6: - | E6: - | F6: - | G6: - | H6: - | I6: - | J6: - | K6: - | L6: - | M6: - | N6: - | O6: - | P6: - | Q6: - | R6: - | S6: - | T6: - | U6: - | V6: - | W6: - | X6: - | Y6: - | Z6: - | AA6: - | AB6: - | AC6: - | AD6: - | AE6: - | AF6: - | AG6: - | AH6: - | AI6: - | AJ6: - | AK6: - | AL6: - | AM6: - | AN6: - | AO6: - | AP6: - | AQ6: - | AR6: - | AS6: - | AT6: - | AU6: - | AV6: - | AW6: - | AX6: - | AY6: - | AZ6: - | BA6: - | BB6: - | BC6: - | BD6: - | BE6: - | BF6: - | BG6: - | BH6: - | BI6: - | BJ6: - | BK6: - | BL6: - | BM6: - | BN6: - | BO6: - | BP6: - | BQ6: - | BR6: - | BS6: - | BT6: - | BU6: - | BV6: - | BW6: - | BX6: - | BY6: - | BZ6: - | CA6: - | CB6: - | CC6: - | CD6: - | CE6: - | CF6: - | CG6: - | CH6: - | CI6: - | CJ6: - | CK6: - | CL6: - | CM6: - | CN6: - | CO6: -
A7: Córdoba | B7: 244.92156 | C7: 467.58151 | D7: 485.84035 | E7: 264.45588 | F7: 286.29011 | G7: 189.69733 | H7: 227.26564 | I7: 211.22103 | J7: 217.55516 | K7: 251.61544 | L7: 213.1419 | M7: 227.29839 | N7: 434.03905 | O7: 711.007 | P7: 735.11776 | Q7: 330.69527 | R7: 273.50984 | S7: 299.98179 | T7: 328.68301 | U7: 330.40474 | V7: 357.7644 | W7: 314.99266 | X7: 297.78706 | Y7: 322.77044 | Z7: 540.43757 | AA7: 926.02923 | AB7: 1205.8969 | AC7: 492.09097 | AD7: 444.29708 | AE7: 460.37308 | AF7: 490.46057 | AG7: 539.06845 | AH7: 546.22187 | AI7: 481.70981 | AJ7: 448.29396 | AK7: 523.26205 | AL7: 902.94158 | AM7: 1382.1109 | AN7: 1548.024 | AO7: 600.93362 | AP7: 678.32205 | AQ7: 699.89049 | AR7: 676.34227 | AS7: 857.57397 | AT7: 843.35847 | AU7: 682.26784 | AV7: 736.21829 | AW7: 746.50006 | AX7: 1561.1859 | AY7: 2067.4894 | AZ7: 2802.9757 | BA7: 1272.5742 | BB7: 1395.5387 | BC7: 1245.6975 | BD7: 1378.0883 | BE7: 1393.8211 | BF7: 1284.804 | BG7: 1526.7478 | BH7: 1406.1839 | BI7: 1361.1613 | BJ7: 3104.1792 | BK7: 6354.24 | BL7: 8035.9853 | BM7: 5239.1548 | BN7: 3921.2004 | BO7: 3794.0514 | BP7: 4203.8005 | BQ7: 4785.4256 | BR7: 4864.1489 | BS7: 5527.8787 | BT7: 4891.2283 | BU7: 5302.3385 | BV7: 7664.2241 | BW7: 15685.503 | BX7: 21135.307 | BY7: 12469.495 | BZ7: 7403.0995 | CA7: 6086.428 | CB7: 7472.9069 | CC7: 7936.4602 | CD7: 7043.9747 | CE7: 7997.7796 | CF7: 7328.1906 | CG7: 8821.6219 | CH7: 13412.597 | CI7: 18874.838 | CJ7: 26033.659 | CK7: 18972.822 | CL7: 9310.1455 | CM7: 9507.2764 | CN7: 9702.4488 | CO7: 9261.5754
A8: Corrientes | B8: - | C8: - | D8: - | E8: - | F8: - | G8: - | H8: - | I8: - | J8: - | K8: - | L8: - | M8: - | N8: - | O8: - | P8: - | Q8: - | R8: - | S8: - | T8: - | U8: - | V8: - | W8: - | X8: - | Y8: - | Z8: - | AA8: - | AB8: - | AC8: - | AD8: - | AE8: - | AF8: - | AG8: - | AH8: - | AI8: - | AJ8: - | AK8: - | AL8: - | AM8: - | AN8: - | AO8: - | AP8: - | AQ8: - | AR8: - | AS8: - | AT8: - | AU8: - | AV8: - | AW8: - | AX8: - | AY8: - | AZ8: - | BA8: - | BB8: - | BC8: - | BD8: - | BE8: - | BF8: - | BG8: - | BH8: - | BI8: - | BJ8: - | BK8: - | BL8: - | BM8: - | BN8: - | BO8: - | BP8: - | BQ8: - | BR8: - | BS8: - | BT8: - | BU8: - | BV8: - | BW8: - | BX8: - | BY8: - | BZ8: - | CA8: - | CB8: - | CC8: - | CD8: - | CE8: - | CF8: - | CG8: - | CH8: - | CI8: - | CJ8: - | CK8: - | CL8: - | CM8: - | CN8: -
A9: Entre Ríos | B9: 49.985984 | C9: 35.883446 | D9: 679.12586 | E9: 151.57724 | F9: 132.04373 | G9: 395.05235 | H9: 118.44105 | I9: 86.734028 | J9: 387.28732 | K9: 102.85105 | L9: 375.99798 | M9: 90.147652 | N9: 72.247743 | O9: 47.504002 | P9: 892.62888 | Q9: 66.302348 | R9: 76.958333 | S9: 582.30617 | T9: 133.07894 | U9: 107.5957 | V9: 590.1056 | W9: 134.98755 | X9: 577.72353 | Y9: 120.16466 | Z9: 88.711338 | AA9: 70.74427 | AB9: 1428.6248 | AC9: 148.86 | AD9: 167.38042 | AE9: 933.37141 | AF9: 242.55035 | AG9: 212.21778 | AH9: 936.88557 | AI9: 222.83321 | AJ9: 904.19366 | AK9: 222.22087 | AL9: 136.87185 | AM9: 137.6838 | AN9: 2352.6629 | AO9: 235.84743 | AP9: 240.27997 | AQ9: 1395.548 | AR9: 273.96866 | AS9: 346.02371 | AT9: 1408.3944 | AU9: 332.52811 | AV9: 1459.2198 | AW9: 315.54804 | AX9: 232.36158 | AY9: 183.46582 | AZ9: 3907.7903 | BA9: 424.47098 | BB9: 454.75818 | BC9: 2487.1582 | BD9: 660.76162 | BE9: 832.3045 | BF9: 2672.4095 | BG9: 659.51158 | BH9: 2831.4076 | BI9: 623.04099 | BJ9: 544.47364 | BK9: 365.20086 | BL9: 413.75508 | BM9: 908.96663 | BN9: 12547.546 | BO9: 1445.6132 | BP9: 7597.6577 | BQ9: 2132.6436 | BR9: 7460.1546 | BS9: 1646.5794 | BT9: 7760.4678 | BU9: 1709.8624 | BV9: 1475.7418 | BW9: 1028.7192 | BX9: 21004.954 | BY9: 3288.109 | BZ9: 12765.363 | CA9: 4223.359 | CB9: 12903.07 | CC9: 5461.6319 | CD9: 15822.354 | CE9: 5307.9425 | CF9: 13853.808 | CG9: 4548.5577 | CH9: 2998.2586 | CI9: 2075.4132 | CJ9: 6963.692 | CK9: 30426.658 | CL9: 17627.228 | CM9: 5160.1875 | CN9: 20107.158 | CO9: 4815.5487
A10: Formosa (**) | B10: - | C10: - | D10: - | E10: - | F10: - | G10: - | H10: - | I10: - | J10: - | K10: - | L10: - | M10: - | N10: - | O10: - | P10: - | Q10: - | R10: - | S10: - | T10: - | U10: - | V10: - | W10: - | X10: - | Y10: - | Z10: - | AA10: - | AB10: - | AC10: - | AD10: - | AE10: - | AF10: - | AG10: - | AH10: - | AI10: - | AJ10: - | AK10: - | AL10: - | AM10: - | AN10: - | AO10: - | AP10: - | AQ10: - | AR10: - | AS10: - | AT10: - | AU10: - | AV10: - | AW10: - | AX10: - | AY10: - | AZ10: - | BA10: - | BB10: - | BC10: - | BD10: - | BE10: - | BF10: - | BG10: - | BH10: - | BI10: - | BJ10: - | BK10: - | BL10: - | BM10: - | BN10: - | BO10: - | BP10: - | BQ10: - | BR10: - | BS10: - | BT10: - | BU10: - | BV10: - | BW10: - | BX10: - | BY10: - | BZ10: - | CA10: - | CB10: - | CC10: - | CD10: - | CE10: - | CF10: - | CG10: - | CH10: - | CI10: - | CJ10: - | CK10: - | CL10: - | CM10: - | CN10: - | CO10: -
A11: Jujuy (**) | B11: - | C11: - | D11: - | E11: - | F11: - | G11: - | H11: - | I11: - | J11: - | K11: - | L11: - | M11: - | N11: - | O11: - | P11: - | Q11: - | R11: - | S11: - | T11: - | U11: - | V11: - | W11: - | X11: - | Y11: - | Z11: - | AA11: - | AB11: - | AC11: - | AD11: - | AE11: - | AF11: - | AG11: - | AH11: - | AI11: - | AJ11: - | AK11: - | AL11: - | AM11: - | AN11: - | AO11: - | AP11: - | AQ11: - | AR11: - | AS11: - | AT11: - | AU11: - | AV11: - | AW11: - | AX11: - | AY11: - | AZ11: - | BA11: - | BB11: - | BC11: - | BD11: - | BE11: - | BF11: - | BG11: - | BH11: - | BI11: - | BJ11: - | BK11: - | BL11: - | BM11: - | BN11: - | BO11: - | BP11: - | BQ11: - | BR11: - | BS11: - | BT11: - | BU11: - | BV11: - | BW11: - | BX11: - | BY11: - | BZ11: - | CA11: - | CB11: - | CC11: - | CD11: - | CE11: - | CF11: - | CG11: - | CH11: - | CI11: - | CJ11: - | CK11: - | CL11: - | CM11: - | CN11: - | CO11: -
A12: La Pampa | B12: s.d | C12: s.d | D12: s.d | E12: s.d | F12: s.d | G12: s.d | H12: s.d | I12: s.d | J12: s.d | K12: s.d | L12: s.d | M12: s.d | N12: s.d | O12: s.d | P12: s.d | Q12: s.d | R12: s.d | S12: s.d | T12: s.d | U12: s.d | V12: s.d | W12: s.d | X12: s.d | Y12: s.d | Z12: s.d | AA12: s.d | AB12: s.d | AC12: s.d | AD12: s.d | AE12: s.d | AF12: s.d | AG12: s.d | AH12: s.d | AI12: s.d | AJ12: s.d | AK12: s.d | AL12: s.d | AM12: s.d | AN12: s.d | AO12: s.d | AP12: s.d | AQ12: s.d | AR12: s.d | AS12: s.d | AT12: s.d | AU12: s.d | AV12: s.d | AW12: s.d | AX12: s.d | AY12: s.d | AZ12: s.d | BA12: s.d | BB12: s.d | BC12: s.d | BD12: s.d | BE12: s.d | BF12: s.d | BG12: s.d | BH12: s.d | BI12: s.d | BJ12: 662.60203 | BK12: 1080.509 | BL12: 382.28869 | BM12: 836.69379 | BN12: 524.85227 | BO12: 945.33661 | BP12: 686.81203 | BQ12: 1110.9111 | BR12: 536.07761 | BS12: 1236.0132 | BT12: 541.74889 | BU12: 1345.3526 | BV12: 1425.2763 | BW12: 2767.3741 | BX12: 954.70501 | BY12: 2171.834 | BZ12: 1096.2609 | CA12: 2436.7689 | CB12: 1428.3289 | CC12: 2760.2886 | CD12: 1460.248 | CE12: 3003.1133 | CF12: 1077.4366 | CG12: 3545.1894 | CH12: 2514.5517 | CI12: 4482.8415 | CJ12: 3029.0529 | CK12: 4215.9566 | CL12: 2439.4792 | CM12: 4416.1244 | CN12: 2202.5879
A13: La Rioja | B13: 13.327747 | C13: 17.566128 | D13: 64.279486 | E13: 19.849576 | F13: 17.260619 | G13: 13.750348 | H13: 18.124509 | I13: 22.22333 | J13: 35.274009 | K13: 22.974459 | L13: 18.536387 | M13: 22.279086 | N13: 20.656396 | O13: 21.336757 | P13: 64.901576 | Q13: 17.962933 | R13: 25.948695 | S13: 25.129884 | T13: 23.381412 | U13: 17.35188 | V13: 22.353527 | W13: 20.467309 | X13: 21.225001 | Y13: 30.9357 | Z13: 30.53634 | AA13: 37.064604 | AB13: 135.6262 | AC13: 55.63 | AD13: 36.28968 | AE13: 36.17192 | AF13: 40.534354 | AG13: 36.462809 | AH13: 48.514088 | AI13: 36.378466 | AJ13: 41.947196 | AK13: 43.943002 | AL13: 37.364987 | AM13: 58.262889 | AN13: 216.09917 | AO13: 86.593785 | AP13: 66.346882 | AQ13: 65.244305 | AR13: 76.946816 | AS13: 73.641087 | AT13: 105.69607 | AU13: 87.189582 | AV13: 84.022184 | AW13: 82.318048 | AX13: 80.397358 | AY13: 117.35784 | AZ13: 391.35981 | BA13: 204.41861 | BB13: 147.89791 | BC13: 146.65223 | BD13: 156.75159 | BE13: 172.96697 | BF13: 193.45415 | BG13: 168.7548 | BH13: 154.21566 | BI13: 127.63719 | BJ13: 162.35079 | BK13: 194.22684 | BL13: 401.92819 | BM13: 928.19352 | BN13: 528.09504 | BO13: 469.72285 | BP13: 637.88224 | BQ13: 580.47211 | BR13: 620.44699 | BS13: 591.96008 | BT13: 677.19934 | BU13: 594.31197 | BV13: 641.63995 | BW13: 520.66154 | BX13: 683.3559 | BY13: 1148.4012 | BZ13: 627.24072 | CA13: 561.39864 | CB13: 602.57223 | CC13: 594.34336 | CD13: 655.68082 | CE13: 551.08289 | CF13: 515.56528 | CG13: 495.45175 | CH13: 465.70864 | CI13: 561.50006 | CJ13: 814.62135 | CK13: 1641.4311 | CL13: 997.96493 | CM13: 826.47228 | CN13: 852.04307 | CO13: 875.5414
A14: Mendoza | B14: 82.291944 | C14: 813.82697 | D14: 179.91962 | E14: 308.84102 | F14: 145.65209 | G14: 333.2294 | H14: 169.19851 | I14: 326.51286 | J14: 138.36202 | K14: 127.7798 | L14: 116.60513 | M14: 193.59215 | N14: 125.22937 | O14: 1307.0684 | P14: 231.20263 | Q14: 326.21897 | R14: 204.95554 | S14: 460.04451 | T14: 246.65692 | U14: 448.55684 | V14: 205.79194 | W14: 187.33727 | X14: 169.00725 | Y14: 318.17578 | Z14: 187.67079 | AA14: 1589.4304 | AB14: 448.4776 | AC14: 640.34 | AD14: 296.31243 | AE14: 683.76151 | AF14: 388.04947 | AG14: 682.56468 | AH14: 353.29965 | AI14: 284.06948 | AJ14: 313.39683 | AK14: 520.45117 | AL14: 277.73438 | AM14: 2165.2838 | AN14: 675.39806 | AO14: 925.75585 | AP14: 511.25727 | AQ14: 986.53105 | AR14: 562.86637 | AS14: 1051.8935 | AT14: 539.07963 | AU14: 497.25819 | AV14: 532.42481 | AW14: 826.6422 | AX14: 505.99759 | AY14: 1452.3752 | AZ14: 3832.441 | BA14: 849.32842 | BB14: 1692.4664 | BC14: 922.87373 | BD14: 1927.3637 | BE14: 1142.6964 | BF14: 2011.2365 | BG14: 1217.9481 | BH14: 2281.4134 | BI14: 2271.7482 | BJ14: 2005.4048 | BK14: 4287.9208 | BL14: 12489.432 | BM14: 3397.8027 | BN14: 7012.9606 | BO14: 3503.2439 | BP14: 7995.032 | BQ14: 4212.0668 | BR14: 7790.5433 | BS14: 4190.9574 | BT14: 8021.4036 | BU14: 7856.3465 | BV14: 3540.395 | BW14: 8275.5281 | BX14: 21771.483 | BY14: 5167.0767 | BZ14: 8187.9642 | CA14: 4204.0126 | CB14: 8428.8435 | CC14: 5037.4121 | CD14: 9243.1365 | CE14: 5775.6181 | CF14: 8676.9717 | CG14: 8759.0524 | CH14: 3641.063 | CI14: 9223.3247 | CJ14: 27438.118 | CK14: 7015.9968 | CL14: 10659.953 | CM14: 6768.5576 | CN14: 11999.367 | CO14: 6917.1726
A15: Misiones | B15: 15.277623 | C15: 29.321193 | D15: 22.023216 | E15: 15.557897 | F15: 13.305912 | G15: 12.794515 | H15: 15.945768 | I15: 12.169769 | J15: 9.354057 | K15: 7.637376 | L15: 7.302831 | M15: 6.359306 | N15: 28.511901 | O15: 52.800609 | P15: 19.452518 | Q15: 9.7803985 | R15: 12.178633 | S15: 21.843821 | T15: 22.175918 | U15: 18.622436 | V15: 14.650443 | W15: 12.243884 | X15: 9.2850881 | Y15: 12.048775 | Z15: 9.6391385 | AA15: 66.591857 | AB15: 63.07895 | AC15: 42.27 | AD15: 37.853967 | AE15: 36.602147 | AF15: 37.615461 | AG15: 35.081344 | AH15: 25.79788 | AI15: 22.087874 | AJ15: 17.153717 | AK15: 18.021707 | AL15: 18.96034 | AM15: 106.77262 | AN15: 115.92618 | AO15: 88.244095 | AP15: 77.810667 | AQ15: 73.024706 | AR15: 74.38204 | AS15: 68.616424 | AT15: 44.066962 | AU15: 36.980902 | AV15: 31.874478 | AW15: 32.214286 | AX15: 43.4 | AY15: 188.8 | AZ15: 212.1 | BA15: 152.9 | BB15: 95.4 | BC15: 97.9 | BD15: 107.3 | BE15: 104.9 | BF15: 74.1 | BG15: 65.9 | BH15: 56.9 | BI15: 70.1 | BJ15: 88.034407 | BK15: 381.54026 | BL15: 693.63441 | BM15: 374.0007 | BN15: 485.94343 | BO15: 423.74241 | BP15: 379.91637 | BQ15: 391.50899 | BR15: 229.69379 | BS15: 176.14729 | BT15: 248.8314 | BU15: 186.00404 | BV15: 198.34507 | BW15: 458.66312 | BX15: 1571.5312 | BY15: 538.58998 | BZ15: 809.02895 | CA15: 598.81221 | CB15: 530.5343 | CC15: 548.60471 | CD15: 477.07288 | CE15: 446.74065 | CF15: 279.73965 | CG15: 277.59835 | CH15: 303.47186 | CI15: 834.50002 | CJ15: 1798.2175 | CK15: 893.73963 | CL15: 651.02606 | CM15: 556.04836 | CN15: 591.98694 | CO15: 577.92942
A16: Neuquén (**) | B16: - | C16: - | D16: - | E16: - | F16: - | G16: - | H16: - | I16: - | J16: - | K16: - | L16: - | M16: - | N16: - | O16: - | P16: - | Q16: - | R16: - | S16: - | T16: - | U16: - | V16: - | W16: - | X16: - | Y16: - | Z16: - | AA16: - | AB16: - | AC16: - | AD16: - | AE16: - | AF16: - | AG16: - | AH16: - | AI16: - | AJ16: - | AK16: - | AL16: - | AM16: - | AN16: - | AO16: - | AP16: - | AQ16: - | AR16: - | AS16: - | AT16: - | AU16: - | AV16: - | AW16: - | AX16: - | AY16: - | AZ16: - | BA16: - | BB16: - | BC16: - | BD16: - | BE16: - | BF16: - | BG16: - | BH16: - | BI16: - | BJ16: - | BK16: - | BL16: - | BM16: - | BN16: - | BO16: - | BP16: - | BQ16: - | BR16: - | BS16: - | BT16: - | BU16: - | BV16: - | BW16: - | BX16: - | BY16: - | BZ16: - | CA16: - | CB16: - | CC16: - | CD16: - | CE16: - | CF16: - | CG16: - | CH16: - | CI16: - | CJ16: - | CK16: - | CL16: - | CM16: - | CN16: -
A17: Río Negro | B17: 151.09081 | C17: 408.82525 | D17: 117.03825 | E17: 123.50322 | F17: 69.524074 | G17: 122.28756 | H17: 90.524736 | I17: 140.8402 | J17: 86.311749 | K17: 138.0462 | L17: 74.815341 | M17: 148.07478 | N17: 296.45457 | O17: 505.09241 | P17: 209.22629 | Q17: 85.64235 | R17: 73.597871 | S17: 156.04122 | T17: 119.32734 | U17: 186.05986 | V17: 123.17062 | W17: 186.01184 | X17: 139.89949 | Y17: 214.05523 | Z17: 271.34764 | AA17: 758.0315 | AB17: 382.222 | AC17: 331.49 | AD17: 156.27419 | AE17: 236.02708 | AF17: 174.98205 | AG17: 267.7678 | AH17: 169.43199 | AI17: 256.07544 | AJ17: 173.94387 | AK17: 330.56436 | AL17: 525.01903 | AM17: 764.32911 | AN17: 839.57319 | AO17: 604.29724 | AP17: 252.57215 | AQ17: 359.14296 | AR17: 273.8569 | AS17: 399.05834 | AT17: 284.51895 | AU17: 391.23101 | AV17: 278.87668 | AW17: 496.16431 | AX17: 803.10092 | AY17: 1299.946 | AZ17: 1543.5404 | BA17: 985.10591 | BB17: 504.71343 | BC17: 652.07374 | BD17: 483.94461 | BE17: 734.75917 | BF17: 496.48672 | BG17: 711.4914 | BH17: 495.19346 | BI17: 754.48515 | BJ17: 2731.0973 | BK17: 4719.5671 | BL17: 1618.9767 | BM17: 1243.5106 | BN17: 1564.9189 | BO17: 1516.9752 | BP17: 2299.0428 | BQ17: 2387.8004 | BR17: 2878.9005 | BS17: 3121.6469 | BT17: 3110.7858 | BU17: 3337.3547 | BV17: 8020.9925 | BW17: 13785.685 | BX17: 7195.0334 | BY17: 3855.7958 | BZ17: 3670.9897 | CA17: 3356.8707 | CB17: 4006.7366 | CC17: 3703.3914 | CD17: 3923.4801 | CE17: 3874.3382 | CF17: 3700.2859 | CG17: 4397.7818 | CH17: 9743.4199 | CI17: 16454.094 | CJ17: 10684.51 | CK17: 5819.8706 | CL17: 4873.1015 | CM17: 5416.7867 | CN17: 6153.3431 | CO17: 5826.3829
A18: Salta (**) | B18: - | C18: - | D18: - | E18: - | F18: - | G18: - | H18: - | I18: - | J18: - | K18: - | L18: - | M18: - | N18: - | O18: - | P18: - | Q18: - | R18: - | S18: - | T18: - | U18: - | V18: - | W18: - | X18: - | Y18: - | Z18: - | AA18: - | AB18: - | AC18: - | AD18: - | AE18: - | AF18: - | AG18: - | AH18: - | AI18: - | AJ18: - | AK18: - | AL18: - | AM18: - | AN18: - | AO18: - | AP18: - | AQ18: - | AR18: - | AS18: - | AT18: - | AU18: - | AV18: - | AW18: - | AX18: - | AY18: - | AZ18: - | BA18: - | BB18: - | BC18: - | BD18: - | BE18: - | BF18: - | BG18: - | BH18: - | BI18: - | BJ18: - | BK18: - | BL18: - | BM18: - | BN18: - | BO18: - | BP18: - | BQ18: - | BR18: - | BS18: - | BT18: - | BU18: - | BV18: - | BW18: - | BX18: - | BY18: - | BZ18: - | CA18: - | CB18: - | CC18: - | CD18: - | CE18: - | CF18: - | CG18: - | CH18: - | CI18: - | CJ18: - | CK18: - | CL18: - | CM18: -
A19: San Juan | B19: 27.802814 | C19: 21.285176 | D19: 111.37534 | E19: 149.10784 | F19: 48.780022 | G19: 62.855399 | H19: 64.753088 | I19: 74.045623 | J19: 58.526666 | K19: 60.627104 | L19: 59.129349 | M19: 63.79895 | N19: 49.85548 | O19: 46.258066 | P19: 86.74551 | Q19: 74.189763 | R19: 178.19664 | S19: 98.690226 | T19: 101.2498 | U19: 91.091853 | V19: 78.706756 | W19: 87.065929 | X19: 80.998394 | Y19: 84.212763 | Z19: 53.758852 | AA19: 73.660448 | AB19: 389.92059 | AC19: 132.54 | AD19: 111.42789 | AE19: 135.22649 | AF19: 153.33397 | AG19: 174.70403 | AH19: 142.7732 | AI19: 139.23968 | AJ19: 146.58074 | AK19: 155.11901 | AL19: 103.8588 | AM19: 91.120911 | AN19: 756.26201 | AO19: 303.71391 | AP19: 249.11004 | AQ19: 251.78476 | AR19: 291.80431 | AS19: 333.3081 | AT19: 280.60689 | AU19: 267.18433 | AV19: 275.36262 | AW19: 437.46057 | AX19: 44.893309 | AY19: 380.52334 | AZ19: 1214.0202 | BA19: 472.03724 | BB19: 487.14476 | BC19: 496.55639 | BD19: 594.31135 | BE19: 663.49886 | BF19: 526.13223 | BG19: 561.70998 | BH19: 587.88708 | BI19: 666.25949 | BJ19: 639.87871 | BK19: 404.55014 | BL19: 398.5627 | BM19: 399.14318 | BN19: 4330.3123 | BO19: 1884.4626 | BP19: 2545.1884 | BQ19: 1870.2459 | BR19: 1567.5461 | BS19: 1414.985 | BT19: 1253.0377 | BU19: 1305.9086 | BV19: 989.13461 | BW19: 715.44749 | BX19: 707.09861 | BY19: 2695.8975 | BZ19: 4756.4702 | CA19: 1536.3427 | CB19: 1742.8371 | CC19: 1753.1005 | CD19: 1578.1938 | CE19: 1496.0355 | CF19: 1350.8384 | CG19: 1901.2542 | CH19: 1581.2251 | CI19: 1359.895 | CJ19: 2856.9212 | CK19: 7097.1592 | CL19: 3067.0209 | CM19: 2461.545 | CN19: 2545.1488 | CO19: 2970.5414
A20: San Luis | B20: 35.695568 | C20: 28.065047 | D20: 55.817253 | E20: 119.36833 | F20: 39.968573 | G20: 72.443688 | H20: 48.874 | I20: 74.71641 | J20: 42.631127 | K20: 78.76284 | L20: 37.529187 | M20: 84.006357 | N20: 46.339932 | O20: 38.852986 | P20: 57.346832 | Q20: 27.975482 | R20: 39.690768 | S20: 156.01106 | T20: 119.53209 | U20: 113.44159 | V20: 53.27842 | W20: 108.50484 | X20: 58.525203 | Y20: 127.0532 | Z20: 127.63158 | AA20: 84.903339 | AB20: 197.37397 | AC20: 207.77912 | AD20: 117.34383 | AE20: 118.06658 | AF20: 149.39079 | AG20: 129.06663 | AH20: 130.41187 | AI20: 120.95827 | AJ20: 141.339 | AK20: 166.50449 | AL20: 99.515417 | AM20: 166.88546 | AN20: 500.54811 | AO20: 172.54936 | AP20: 149.37883 | AQ20: 149.95183 | AR20: 168.41476 | AS20: 159.63472 | AT20: 157.26379 | AU20: 152.08851 | AV20: 166.94871 | AW20: 177.45128 | AX20: 137.33782 | AY20: 236.18346 | AZ20: 1052.2187 | BA20: 271.44538 | BB20: 288.28396 | BC20: 282.45789 | BD20: 307.53088 | BE20: 314.79848 | BF20: 308.24442 | BG20: 294.21771 | BH20: 330.38264 | BI20: 450.24855 | BJ20: 451.94469 | BK20: 781.7702 | BL20: 2924.9902 | BM20: 662.63083 | BN20: 910.4538 | BO20: 649.76195 | BP20: 1021.4174 | BQ20: 834.21051 | BR20: 845.58725 | BS20: 966.19686 | BT20: 1112.5659 | BU20: 1855.6678 | BV20: 1198.2929 | BW20: 1817.8188 | BX20: 4904.0429 | BY20: 1350.6296 | BZ20: 1178.5926 | CA20: 1294.5378 | CB20: 1522.4311 | CC20: 1343.8752 | CD20: 1486.8789 | CE20: 1474.007 | CF20: 1505.2859 | CG20: 2691.7151 | CH20: 1472.4476 | CI20: 6385.0071 | CJ20: 3954.5505 | CK20: 1767.6582 | CL20: 1546.3329 | CM20: 1703.969 | CN20: 1843.3674 | CO20: 1893.8762
A21: Santa Cruz (**) | B21: - | C21: - | D21: - | E21: - | F21: - | G21: - | H21: - | I21: - | J21: - | K21: - | L21: - | M21: - | N21: - | O21: - | P21: - | Q21: - | R21: - | S21: - | T21: - | U21: - | V21: - | W21: - | X21: - | Y21: - | Z21: - | AA21: - | AB21: - | AC21: - | AD21: - | AE21: - | AF21: - | AG21: - | AH21: - | AI21: - | AJ21: - | AK21: - | AL21: - | AM21: - | AN21: - | AO21: - | AP21: - | AQ21: - | AR21: - | AS21: - | AT21: - | AU21: - | AV21: - | AW21: - | AX21: - | AY21: - | AZ21: - | BA21: - | BB21: - | BC21: - | BD21: - | BE21: - | BF21: - | BG21: - | BH21: - | BI21: - | BJ21: - | BK21: - | BL21: - | BM21: - | BN21: - | BO21: - | BP21: - | BQ21: - | BR21: - | BS21: - | BT21: - | BU21: - | BV21: - | BW21: - | BX21: - | BY21: - | BZ21: - | CA21: - | CB21: - | CC21: - | CD21: - | CE21: - | CF21: - | CG21: - | CH21: - | CI21: - | CJ21: - | CK21: - | CL21: - | CM21: - | CN21: -
A22: Santa Fe | B22: 4.221246 | C22: 64.879717 | D22: 20.982228 | E22: 51.99 | F22: 21.310852 | G22: 50.273769 | H22: 21.220104 | I22: 19.345424 | J22: 55.444107 | K22: 20.11 | L22: 47.98 | M22: 31.81 | N22: 9.19 | O22: 100.74 | P22: 23.18 | Q22: 59.37 | R22: 30.49 | S22: 82.68 | T22: 35.06 | U22: 32.91 | V22: 80.58 | W22: 31.72 | X22: 78.02 | Y22: 55.19 | Z22: 7.55 | AA22: 104.24 | AB22: 24.71 | AC22: 35.47 | AD22: 18.62 | AE22: 47.94 | AF22: 20.76 | AG22: 47.64 | AH22: 63.73 | AI22: 25.81 | AJ22: 56.53 | AK22: 40.92 | AL22: 5.83 | AM22: 138.55 | AN22: 31.93 | AO22: 65.84 | AP22: 30.3 | AQ22: 68.79 | AR22: 28.38 | AS22: 28.62 | AT22: 65.82 | AU22: 26.43 | AV22: 64.69 | AW22: 45.7 | AX22: 32.17 | AY22: 231.32 | AZ22: 48.07 | BA22: 97.76 | BB22: 43.88 | BC22: 107.27 | BD22: 46.23 | BE22: 46.48 | BF22: 107.88 | BG22: 44 | BH22: 100.8 | BI22: 84.02 | BJ22: 67.12 | BK22: 800.61 | BL22: 109.06 | BM22: 304.46 | BN22: 77.05 | BO22: 318.59 | BP22: 174.24 | BQ22: 150.97 | BR22: 556.18 | BS22: 216.5 | BT22: 584.98 | BU22: 282.31 | BV22: 110.67 | BW22: 2190.54 | BX22: 279.8 | BY22: 357.08 | BZ22: 226.67 | CA22: 508.06 | CB22: 317.35 | CC22: 256.73 | CD22: 522.67 | CE22: 271.57 | CF22: 480.25 | CG22: 340 | CH22: 353.47 | CI22: 2992.89 | CJ22: 420.91 | CK22: 466.8 | CL22: 255.15 | CM22: 639.43
A23: S del Estero | B23: s.d | C23: s.d | D23: s.d | E23: s.d | F23: s.d | G23: s.d | H23: s.d | I23: s.d | J23: s.d | K23: s.d | L23: s.d | M23: s.d | N23: s.d | O23: s.d | P23: s.d | Q23: s.d | R23: s.d | S23: s.d | T23: s.d | U23: s.d | V23: s.d | W23: s.d | X23: s.d | Y23: s.d | Z23: s.d | AA23: s.d | AB23: s.d | AC23: s.d | AD23: s.d | AE23: s.d | AF23: s.d | AG23: s.d | AH23: s.d | AI23: s.d | AJ23: s.d | AK23: s.d | AL23: s.d | AM23: s.d | AN23: s.d | AO23: s.d | AP23: s.d | AQ23: s.d | AR23: s.d | AS23: s.d | AT23: s.d | AU23: s.d | AV23: s.d | AW23: s.d | AX23: s.d | AY23: s.d | AZ23: s.d | BA23: s.d | BB23: s.d | BC23: s.d | BD23: s.d | BE23: s.d | BF23: s.d | BG23: s.d | BH23: s.d | BI23: s.d | BJ23: 185.21586 | BK23: 210.602 | BL23: 627.1287 | BM23: 1639.6067 | BN23: 1034.6233 | BO23: 615.43404 | BP23: 640.00834 | BQ23: 675.82892 | BR23: 686.46961 | BS23: 394.49697 | BT23: 678.97439 | BU23: 370.8974 | BV23: 513.08141 | BW23: 335.74239 | BX23: 2406.0007 | BY23: 2175.0019 | BZ23: 1001.7329 | CA23: 794.10276 | CB23: 1106.5701 | CC23: 775.20129 | CD23: 1106.7325 | CE23: 627.00389 | CF23: 654.8892 | CG23: 1010.1883 | CH23: 595.72286 | CI23: 410.00332 | CJ23: 499.69273 | CK23: 614.32215 | CL23: 3266.9261 | CM23: 2867.8861 | CN23: 1500.6679 | CO23: 1417.4023
A24: T del Fuego (**) | B24: - | C24: - | D24: - | E24: - | F24: - | G24: - | H24: - | I24: - | J24: - | K24: - | L24: - | M24: - | N24: - | O24: - | P24: - | Q24: - | R24: - | S24: - | T24: - | U24: - | V24: - | W24: - | X24: - | Y24: - | Z24: - | AA24: - | AB24: - | AC24: - | AD24: - | AE24: - | AF24: - | AG24: - | AH24: - | AI24: - | AJ24: - | AK24: - | AL24: - | AM24: - | AN24: - | AO24: - | AP24: - | AQ24: - | AR24: - | AS24: - | AT24: - | AU24: - | AV24: - | AW24: - | AX24: - | AY24: - | AZ24: - | BA24: - | BB24: - | BC24: - | BD24: - | BE24: - | BF24: - | BG24: - | BH24: - | BI24: - | BJ24: - | BK24: - | BL24: - | BM24: - | BN24: - | BO24: - | BP24: - | BQ24: - | BR24: - | BS24: - | BT24: - | BU24: - | BV24: - | BW24: - | BX24: - | BY24: - | BZ24: - | CA24: - | CB24: - | CC24: - | CD24: - | CE24: - | CF24: - | CG24: - | CH24: - | CI24: - | CJ24: - | CK24: - | CL24: - | CM24: - | CN24: -
A25: Tucumán | B25: 119.68989 | C25: 73.572493 | D25: 69.939711 | E25: 87.60443 | F25: 102.6214 | G25: 99.003536 | H25: 116.47997 | I25: 103.03881 | J25: 94.694519 | K25: 97.973878 | L25: 100.31367 | M25: 293.09656 | N25: 180.60629 | O25: 104.92756 | P25: 79.989203 | Q25: 61.211605 | R25: 85.328722 | S25: 108.52279 | T25: 135.42038 | U25: 129.70321 | V25: 132.58061 | W25: 135.32727 | X25: 139.48078 | Y25: 428.3658 | Z25: 283.05352 | AA25: 158.47542 | AB25: 176.32187 | AC25: 169.309 | AD25: 165.99063 | AE25: 184.91135 | AF25: 218.16566 | AG25: 216.74508 | AH25: 240.24819 | AI25: 260.23798 | AJ25: 271.22222 | AK25: 859.41651 | AL25: 496.75869 | AM25: 314.23029 | AN25: 344.92966 | AO25: 324.82541 | AP25: 352.17496 | AQ25: 347.12011 | AR25: 357.17666 | AS25: 389.65373 | AT25: 391.65427 | AU25: 387.28239 | AV25: 405.68403 | AW25: 1319.5285 | AX25: 825.68358 | AY25: 456.8704 | AZ25: 528.34929 | BA25: 498.63939 | BB25: 548.89754 | BC25: 612.13537 | BD25: 639.77588 | BE25: 680.58586 | BF25: 641.48456 | BG25: 690.86415 | BH25: 677.19362 | BI25: 4017.5648 | BJ25: 2679.7156 | BK25: 1288.1296 | BL25: 1328.3305 | BM25: 1783.6594 | BN25: 2086.5963 | BO25: 1972.5675 | BP25: 2471.6291 | BQ25: 2555.5862 | BR25: 2405.4736 | BS25: 2664.5808 | BT25: 2452.9581 | BU25: 9267.7224 | BV25: 5200.7537 | BW25: 2819.0869 | BX25: 2667.635 | BY25: 2891.5995 | BZ25: 2863.8845 | CA25: 2990.3925 | CB25: 3407.6312 | CC25: 3138.695 | CD25: 3014.5402 | CE25: 3384.2736 | CF25: 3211.4588 | CG25: 11337.994 | CH25: 6026.3847 | CI25: 3264.8931 | CJ25: 3424.9288 | CK25: 3670.755 | CL25: 3786.355 | CM25: 4169.6393 | CN25: 4417.9903
A26: TOTAL | B26: =SUM(B2:B25) -> 7335.2435 | C26: =SUM(C2:C25) -> 5371.9227 | D26: =SUM(D2:D25) -> 5755.7151 | E26: =SUM(E2:E25) -> 4402.8324 | F26: =SUM(F2:F25) -> 5003.8079 | G26: =SUM(G2:G25) -> 3954.5159 | H26: =SUM(H2:H25) -> 5416.367 | I26: =SUM(I2:I25) -> 4086.8626 | ... CO26: =SUM(CO2:CO25) -> 106285.07
A28: (**) La potestad tributaria de este impuesto corresponde a los municipios
A29: -valores expresados en millones de pesos corrientes-

Sheet SELLOS
A1: JURISDICCIÓN | B1: 43466 | C1: 43497 | D1: 43525 | E1: 43556 | F1: 43586 | G1: 43617 | H1: 43647 | I1: 43678 | J1: 43709 | K1: 43739 | L1: 43770 | M1: 43800 | N1: 43831 | O1: 43862 | P1: 43891 | Q1: 43922 | R1: 43952 | S1: 43983 | T1: 44013 | U1: 44044 | V1: 44075 | W1: 44105 | X1: 44136 | Y1: 44166 | Z1: 44197 | AA1: 44228 | AB1: 44256 | AC1: 44287 | AD1: 44317 | AE1: 44348 | AF1: 44378 | AG1: 44409 | AH1: 44440 | AI1: 44470 | AJ1: 44501 | AK1: 44531 | AL1: 44562 | AM1: 44593 | AN1: 44621 | AO1: 44652 | AP1: 44682 | AQ1: 44713 | AR1: 44743 | AS1: 44774 | AT1: 44805 | AU1: 44835 | AV1: 44866 | AW1: 44896 | AX1: 44927 | AY1: 44958 | AZ1: 44986 | BA1: 45017 | BB1: 45047 | BC1: 45078 | BD1: 45108 | BE1: 45139 | BF1: 45170 | BG1: 45200 | BH1: 45231 | BI1: 45261 | BJ1: 45292 | BK1: 45323 | BL1: 45352 | BM1: 45383 | BN1: 45413 | BO1: 45444 | BP1: 45474 | BQ1: 45505 | BR1: 45536 | BS1: 45566 | BT1: 45597 | BU1: 45627 | BV1: 45658 | BW1: 45689 | BX1: 45717 | BY1: 45748 | BZ1: 45778 | CA1: 45809 | CB1: 45839 | CC1: 45870 | CD1: 45901 | CE1: 45931 | CF1: 45962 | CG1: 45992 | CH1: 46023 | CI1: 46054 | CJ1: 46082 | CK1: 46113 | CL1: 46143 | CM1: 46174 | CN1: 46204 | CO1: 46235
A2: Buenos Aires | B2: 2279.5813 | C2: 2187.0251 | D2: 2118.9151 | E2: 2210.719 | F2: 2300.899 | G2: 2637.104 | H2: 2378.04 | I2: 2516.245 | J2: 2779.199 | K2: 2878.755 | L2: 3007.603 | M2: 2843.0259 | N2: 3329.2982 | O2: 2836.8086 | P2: 2600.5882 | Q2: 1885.721 | R2: 1883.218 | S2: 2352.278 | T2: 2695.019 | U2: 3380.087 | V2: 3556.63 | W2: 3814.619 | X2: 4503.656 | Y2: 4204.638 | Z2: 4472.858 | AA2: 4376.8677 | AB2: 4535.4195 | AC2: 5477.322 | AD2: 5296.597 | AE2: 5179.468 | AF2: 5734.603 | AG2: 6159.477 | AH2: 6257.849 | AI2: 6229.53 | AJ2: 6756.508 | AK2: 6569.059 | AL2: 7354.1133 | AM2: 6849.9355 | AN2: 6803.3589 | AO2: 9128.8024 | AP2: 8966.8455 | AQ2: 9524.5838 | AR2: 10092.009 | AS2: 11005.722 | AT2: 11831.638 | AU2: 12112.749 | AV2: 11265.543 | AW2: 11266.61 | AX2: 14443.7 | AY2: 13523.367 | AZ2: 13170.313 | BA2: 16445.289 | BB2: 16746.107 | BC2: 18440.117 | BD2: 21956.174 | BE2: 22218.94 | BF2: 24971.696 | BG2: 26589.089 | BH2: 29646.843 | BI2: 32268.316 | BJ2: 34269.595 | BK2: 37859.744 | BL2: 47154.766 | BM2: 49792.869 | BN2: 58337.12 | BO2: 69648.604 | BP2: 65699.369 | BQ2: 75659.415 | BR2: 83515.322 | BS2: 84464.97 | BT2: 92552.495 | BU2: 89696.234 | BV2: 102391.96 | BW2: 98963.658 | BX2: 102402.03 | BY2: 115026.91 | BZ2: 119582.72 | CA2: 120786.96 | CB2: 127345.2 | CC2: 138269.14 | CD2: 136040.82 | CE2: 133903.28 | CF2: 146538.64 | CG2: 127114.7 | CH2: 142812.81 | CI2: 126193.69 | CJ2: 131929.68 | CK2: 137090.09 | CL2: 141157.44 | CM2: 133786.04 | CN2: 138562.6
A3: CABA | B3: 1544.7 | C3: 1402.4 | D3: 1178.3 | E3: 1379.9 | F3: 1488.7 | G3: 1670.1 | H3: 1414.8 | I3: 1842.3 | J3: 1740.2 | K3: 1650.6 | L3: 1912.1 | M3: 1538.4 | N3: 1820.6 | O3: 1656.3 | P3: 1352.6 | Q3: 1171.8 | R3: 834.3 | S3: 1217 | T3: 1588.8 | U3: 1741.1 | V3: 1832.5 | W3: 2195.2 | X3: 2424.9 | Y3: 2702.7 | Z3: 2405.8 | AA3: 3432.8 | AB3: 3080.4 | AC3: 4313.3 | AD3: 3912.6 | AE3: 3434.4 | AF3: 4219.4 | AG3: 4847 | AH3: 4681.5 | AI3: 4936.2 | AJ3: 4959.7 | AK3: 5681.5 | AL3: 5780.5 | AM3: 5054.4 | AN3: 4651.8 | AO3: 6842.2 | AP3: 6811.9 | AQ3: 6774.1 | AR3: 7741 | AS3: 9300.6 | AT3: 7823 | AU3: 9011 | AV3: 9231.2 | AW3: 9129.7 | AX3: 11495.4 | AY3: 10902.4 | AZ3: 9221.1 | BA3: 10950.7 | BB3: 8635.5 | BC3: 10094 | BD3: 10503.4 | BE3: 11767.3 | BF3: 14170.5 | BG3: 14784.9 | BH3: 17635 | BI3: 17281.2 | BJ3: 19347.6 | BK3: 20179.5 | BL3: 22624.4 | BM3: 28874.1 | BN3: 32120.6 | BO3: 37825.5 | BP3: 38542.3 | BQ3: 48034.6 | BR3: 52150.8 | BS3: 48697.6 | BT3: 57157.6 | BU3: 54391.6 | BV3: 66047.3 | BW3: 53812.6 | BX3: 51470.3 | BY3: 57384 | BZ3: 64533.9 | CA3: 63621.9 | CB3: 70159 | CC3: 75997.7 | CD3: 81975.9 | CE3: 77859.2 | CF3: 79512.4 | CG3: 69953.4 | CH3: 92341 | CI3: 72461.5 | CJ3: 65069.4 | CK3: 75230.9 | CL3: 76067.6 | CM3: 74624.5 | CN3: 78671.9 | CO3: 81304.1
A4: Catamarca | B4: 23.090577 | C4: 27.108078 | D4: 26.681003 | E4: 32.312 | F4: 31.757531 | G4: 26.904428 | H4: 30.747607 | I4: 39.165268 | J4: 42.208848 | K4: 31.937163 | L4: 37.486482 | M4: 36.094722 | N4: 33.690838 | O4: 30.075507 | P4: 23.162059 | Q4: 41.155288 | R4: 22.549725 | S4: 25.495987 | T4: 21.592877 | U4: 42.09725 | V4: 33.733437 | W4: 33.689934 | X4: 36.148407 | Y4: 39.209747 | Z4: 41.412909 | AA4: 57.831787 | AB4: 229.336 | AC4: 70.342 | AD4: 106.877 | AE4: 68.94811 | AF4: 68.954605 | AG4: 78.44775 | AH4: 91.929001 | AI4: 73.568938 | AJ4: 115.02756 | AK4: 124.6971 | AL4: 68.217184 | AM4: 92.405734 | AN4: 149.90724 | AO4: 100.57296 | AP4: 116.94419 | AQ4: 135.70534 | AR4: 110.91092 | AS4: 153.71655 | AT4: 156.98418 | AU4: 137.43062 | AV4: 158.3417 | AW4: 171.05337 | AX4: 277.00114 | AY4: 157.94238 | AZ4: 198.97135 | BA4: 227.53501 | BB4: 258.19823 | BC4: 309.2447 | BD4: 481.73816 | BE4: 428.9 | BF4: 355.69 | BG4: 412.5534 | BH4: 870.95138 | BI4: 346.77062 | BJ4: 728.84169 | BK4: 190.61055 | BL4: 344.03306 | BM4: 471.96229 | BN4: 373.04393 | BO4: 337.85323 | BP4: 548.0273 | BQ4: 531.544 | BR4: 532.80302 | BS4: 900.45412 | BT4: 535.12595 | BU4: 532.89474 | BV4: 593.95503 | BW4: 394.95458 | BX4: 457.2179 | BY4: 1231.8058 | BZ4: 579.27731 | CA4: 601.56832 | CB4: 652.52747 | CC4: 893.95659 | CD4: 558.75775 | CE4: 606.45687 | CF4: 457.96827 | CG4: 509.28886 | CH4: 553.99611 | CI4: 544.05201 | CJ4: 507.39832 | CK4: 592.4639 | CL4: 727.77062 | CM4: 669.28858 | CN4: 633.3152 | CO4: 819.87004
A5: Chaco | B5: 83.763859 | C5: 81.704516 | D5: 77.766719 | E5: 86.846939 | F5: 79.142454 | G5: 77.693658 | H5: 84.591177 | I5: 102.21582 | J5: 94.218808 | K5: 86.318378 | L5: 93.726234 | M5: 93.726234 | N5: 107.92871 | O5: 105.35913 | P5: 110.75641 | Q5: 74.488086 | R5: 74.150309 | S5: 86.474718 | T5: 101.48062 | U5: 154.12066 | V5: 135.15749 | W5: 146.2425 | X5: 151.55204 | Y5: 149.40487 | Z5: 170.7992 | AA5: 201.88574 | AB5: 166.29133 | AC5: 220.76204 | AD5: 190.94776 | AE5: 190.91256 | AF5: 212.24259 | AG5: 281.21783 | AH5: 255.98959 | AI5: 273.45364 | AJ5: 270.32097 | AK5: 278.59979 | AL5: 352.7129 | AM5: 295.73515 | AN5: 264.2278 | AO5: 332.36394 | AP5: 330.14883 | AQ5: 361.49933 | AR5: 408.27929 | AS5: 493.73754 | AT5: 464.20235 | AU5: 482.03342 | AV5: 509.0534 | AW5: 478.50309 | AX5: 647.09948 | AY5: 561.79261 | AZ5: 642.03681 | BA5: 714.79437 | BB5: 707.85967 | BC5: 742.77555 | BD5: 860.48523 | BE5: 1009.3352 | BF5: 937.84789 | BG5: 1029.7191 | BH5: 1073.7264 | BI5: 1075.5528 | BJ5: 1361.0548 | BK5: 1243.1654 | BL5: 1609.1302 | BM5: 1654.6221 | BN5: 1873.6365 | BO5: 2325.91 | BP5: 2853.747 | BQ5: 2999.9039 | BR5: 3311.3548 | BS5: 3381.4046 | BT5: 3724.3836 | BU5: 3493.3856 | BV5: 4834.8316 | BW5: 4171.3503 | BX5: 4277.5494 | BY5: 4185.632 | BZ5: 4319.8134 | CA5: 4335.0167 | CB5: 5022.2292 | CC5: 5328.6053 | CD5: 5018.6431 | CE5: 4844.4858 | CF5: 4753.6927 | CG5: 4372.8973 | CH5: 5943.7805 | CI5: 5335.2329 | CJ5: 5405.1641 | CK5: 5595.6245 | CL5: 5438.5773 | CM5: 5532.3618 | CN5: 5987.1096 | CO5: 6053.215
A6: Chubut | B6: 132 | C6: 134 | D6: 136 | E6: 130 | F6: 143 | G6: 164 | H6: 160 | I6: 159 | J6: 154 | K6: 154 | L6: 209 | M6: 176 | N6: 231 | O6: 187 | P6: 165 | Q6: 104 | R6: 120 | S6: 144 | T6: 171 | U6: 201 | V6: 204 | W6: 202 | X6: 239 | Y6: 222 | Z6: 287 | AA6: 261 | AB6: 284 | AC6: 296 | AD6: 295 | AE6: 338 | AF6: 308 | AG6: 350 | AH6: 384 | AI6: 364 | AJ6: 375 | AK6: 396 | AL6: 429 | AM6: 424 | AN6: 391 | AO6: 523 | AP6: 494 | AQ6: 542 | AR6: 608 | AS6: 588 | AT6: 650 | AU6: 613 | AV6: 658 | AW6: 673 | AX6: 832 | AY6: 889 | AZ6: 861 | BA6: 1021 | BB6: 1005 | BC6: 1150 | BD6: 1418 | BE6: 1469 | BF6: 1570 | BG6: 1689 | BH6: 1774 | BI6: 1913 | BJ6: 2086 | BK6: 2164 | BL6: 2755 | BM6: 2876 | BN6: 3179 | BO6: 4395 | BP6: 4216 | BQ6: 6177 | BR6: 5396 | BS6: 5441 | BT6: 5929 | BU6: 5732 | BV6: 6303 | BW6: 6331 | BX6: 6562 | BY6: 7069 | BZ6: 7117 | CA6: 7964 | CB6: 7133 | CC6: 8068 | CD6: 7734 | CE6: 7765 | CF6: 8306 | CG6: 6780 | CH6: 17088 | CI6: 7999 | CJ6: 17134 | CK6: 10640 | CL6: 8178 | CM6: 8711 | CN6: 8040 | CO6: 9238
A7: Córdoba | B7: 556.76102 | C7: 591.72112 | D7: 591.91903 | E7: 649.94025 | F7: 721.1443 | G7: 635.48092 | H7: 667.82144 | I7: 750.59966 | J7: 771.83747 | K7: 888.8658 | L7: 794.25023 | M7: 956.78274 | N7: 853.23733 | O7: 705.74971 | P7: 858.29617 | Q7: 530.8821 | R7: 506.69082 | S7: 889.17058 | T7: 979.29078 | U7: 1047.1891 | V7: 1097.235 | W7: 1328.7503 | X7: 1250.4873 | Y7: 1305.6538 | Z7: 1357.6759 | AA7: 1227.6877 | AB7: 1377.9061 | AC7: 1678.852 | AD7: 1500.4381 | AE7: 1517.9191 | AF7: 1713.5586 | AG7: 2100.0374 | AH7: 1658.1932 | AI7: 2202.8708 | AJ7: 2104.4946 | AK7: 2340.2352 | AL7: 2048.5255 | AM7: 1910.2075 | AN7: 2488.9194 | AO7: 2370.1035 | AP7: 2470.9128 | AQ7: 2641.5235 | AR7: 3006.7588 | AS7: 3421.0709 | AT7: 3261.6719 | AU7: 3098.5196 | AV7: 3566.8533 | AW7: 3650.5566 | AX7: 3582.3104 | AY7: 3600.2862 | AZ7: 3791.699 | BA7: 3733.9437 | BB7: 4358.1272 | BC7: 4587.0336 | BD7: 4695.0101 | BE7: 6466.8282 | BF7: 6071.3116 | BG7: 7086.9401 | BH7: 7493.2978 | BI7: 8033.3224 | BJ7: 9474.2121 | BK7: 9395.638 | BL7: 10897.375 | BM7: 11820.486 | BN7: 14245.01 | BO7: 15415.533 | BP7: 17260.871 | BQ7: 23768.512 | BR7: 20070.667 | BS7: 21267.662 | BT7: 24008.375 | BU7: 22943.849 | BV7: 29049.268 | BW7: 22444.967 | BX7: 26273.158 | BY7: 27850.851 | BZ7: 30068.189 | CA7: 33315.838 | CB7: 32790.452 | CC7: 35264.211 | CD7: 35381.363 | CE7: 35499.607 | CF7: 25934.811 | CG7: 38323.741 | CH7: 37032.356 | CI7: 28749.032 | CJ7: 36500.947 | CK7: 37133.048 | CL7: 35946.673 | CM7: 35887.831 | CN7: 39324.687 | CO7: 38401.059
A8: Corrientes | B8: s.d | C8: s.d | D8: s.d | E8: s.d | F8: s.d | G8: s.d | H8: s.d | I8: s.d | J8: s.d | K8: s.d | L8: s.d | M8: s.d | N8: s.d | O8: s.d | P8: s.d | Q8: s.d | R8: s.d | S8: s.d | T8: s.d | U8: s.d | V8: s.d | W8: s.d | X8: s.d | Y8: s.d | Z8: s.d | AA8: s.d | AB8: s.d | AC8: s.d | AD8: s.d | AE8: s.d | AF8: s.d | AG8: s.d | AH8: s.d | AI8: s.d | AJ8: s.d | AK8: s.d | AL8: s.d | AM8: s.d | AN8: s.d | AO8: s.d | AP8: s.d | AQ8: s.d | AR8: s.d | AS8: s.d | AT8: s.d | AU8: s.d | AV8: s.d | AW8: s.d | AX8: s.d | AY8: s.d | AZ8: s.d | BA8: s.d | BB8: s.d | BC8: s.d | BD8: s.d | BE8: s.d | BF8: s.d | BG8: s.d | BH8: s.d | BI8: s.d | BJ8: 1284.9966 | BK8: 1371.0766 | BL8: 1649.18 | BM8: 1621.0483 | BN8: 2017.4234 | BO8: 2467.875 | BP8: 2272.4306 | BQ8: 3102.0734 | BR8: 3135.2177 | BS8: 3570.5516 | BT8: 3640.3829 | BU8: 3476.82 | BV8: 3946.97 | BW8: 3861.0336 | BX8: 4051.8805 | BY8: 4285.4131 | BZ8: 4028.1674 | CA8: 4640.6912 | CB8: 4329.2507 | CC8: 4999.8749 | CD8: 4988.7574 | CE8: 4480.5252 | CF8: 3985.8548 | CG8: 4265.3538 | CH8: 4915.4024 | CI8: 4318.3559 | CJ8: 4713.0984 | CK8: 5472.3684 | CL8: 5230.0258 | CM8: 5774.129 | CN8: 4995.8224
A9: Entre Ríos | B9: 136.38895 | C9: 102.71348 | D9: 110.15657 | E9: 108.63358 | F9: 138.28179 | G9: 120.95928 | H9: 138.02661 | I9: 158.85697 | J9: 147.38133 | K9: 160.20245 | L9: 137.20996 | M9: 144.70251 | N9: 210.19791 | O9: 151.80763 | P9: 133.16669 | Q9: 124.39803 | R9: 128.7095 | S9: 180.94578 | T9: 187.20594 | U9: 229.76197 | V9: 227.69531 | W9: 241.53388 | X9: 245.05934 | Y9: 245.65982 | Z9: 257.97328 | AA9: 275.77959 | AB9: 271.07495 | AC9: 358.59 | AD9: 296.74987 | AE9: 326.90645 | AF9: 320.77716 | AG9: 391.36362 | AH9: 395.45972 | AI9: 380.93922 | AJ9: 420.53805 | AK9: 371.98221 | AL9: 445.88715 | AM9: 423.22556 | AN9: 437.92383 | AO9: 564.3423 | AP9: 619.93304 | AQ9: 610.34666 | AR9: 700.56272 | AS9: 747.7579 | AT9: 658.27283 | AU9: 637.23224 | AV9: 769.66242 | AW9: 706.72541 | AX9: 948.63309 | AY9: 788.29805 | AZ9: 889.49227 | BA9: 1025.6058 | BB9: 1116.3405 | BC9: 1115.4934 | BD9: 1346.3395 | BE9: 1540.972 | BF9: 1430.2829 | BG9: 1743.3726 | BH9: 2170.0469 | BI9: 1820.4841 | BJ9: 1888.5097 | BK9: 2061.8464 | BL9: 2868.8125 | BM9: 2923.6296 | BN9: 3333.5551 | BO9: 4444.3966 | BP9: 4891.874 | BQ9: 5021.4907 | BR9: 5143.4269 | BS9: 5400.8662 | BT9: 5805.0545 | BU9: 5650.4753 | BV9: 6591.9141 | BW9: 5668.0476 | BX9: 5990.5639 | BY9: 7025.1817 | BZ9: 6165.6762 | CA9: 7524.7902 | CB9: 7582.8404 | CC9: 7811.844 | CD9: 7763.6978 | CE9: 7358.1805 | CF9: 7973.1847 | CG9: 7204.3103 | CH9: 7977.8713 | CI9: 7878.7648 | CJ9: 7724.0741 | CK9: 8470.7446 | CL9: 8489.0194 | CM9: 8977.614 | CN9: 9105.5016 | CO9: 10145.34
A10: Formosa | B10: 26.902191 | C10: 50.453552 | D10: 32.915595 | E10: 33.503067 | F10: 54.576962 | G10: 33.124902 | H10: 33.481269 | I10: 43.505586 | J10: 39.914327 | K10: 36.601256 | L10: 36.216976 | M10: 36.784182 | N10: 32.089626 | O10: 48.12411 | P10: 37.673781 | Q10: 25.108973 | R10: 21.644484 | S10: 34.825797 | T10: 39.897155 | U10: 46.262451 | V10: 51.703151 | W10: 57.248406 | X10: 54.053517 | Y10: 53.375864 | Z10: 52.850305 | AA10: 64.93156 | AB10: 63.452461 | AC10: 78.48 | AD10: 76.739484 | AE10: 68.133896 | AF10: 74.605929 | AG10: 83.551531 | AH10: 102.69877 | AI10: 110.5198 | AJ10: 98.42151 | AK10: 95.568953 | AL10: 87.23789 | AM10: 112.67587 | AN10: 126.55053 | AO10: 125.38386 | AP10: 135.1406 | AQ10: 149.91126 | AR10: 150.1331 | AS10: 209.14352 | AT10: 220.21053 | AU10: 203.93426 | AV10: 191.93281 | AW10: 242.64449 | AX10: 182.51956 | AY10: 264.73502 | AZ10: 294.52145 | BA10: 306.86925 | BB10: 282.57655 | BC10: 300.22166 | BD10: 306.42028 | BE10: 382.81168 | BF10: 413.17702 | BG10: 401.99617 | BH10: 420.67694 | BI10: 415.05797 | BJ10: 341.28698 | BK10: 499.01086 | BL10: 540.41664 | BM10: 587.17232 | BN10: 707.98375 | BO10: 747.5882 | BP10: 759.64057 | BQ10: 1123.7684 | BR10: 1191.9801 | BS10: 1212.379 | BT10: 1194.9042 | BU10: 1357.4716 | BV10: 1002.5291 | BW10: 1641.2332 | BX10: 1514.6413 | BY10: 1609.7093 | BZ10: 1791.1072 | CA10: 1778.9235 | CB10: 1838.0916 | CC10: 1954.4974 | CD10: 1884.2476 | CE10: 1647.3739 | CF10: 1576.2725 | CG10: 1507.8368 | CH10: 1403.0896 | CI10: 1740.0076 | CJ10: 1783.3642 | CK10: 2135.0971 | CL10: 1629.6164 | CM10: 1781.8046 | CN10: 1700.6482 | CO10: 2331.3206
A11: Jujuy | B11: 51.923 | C11: 51.373 | D11: 52.451 | E11: 59.188 | F11: 50.715 | G11: 50.112 | H11: 57.955 | I11: 113.88 | J11: 73.252 | K11: 66.838 | L11: 54.42 | M11: 55.934 | N11: 57.841 | O11: 67.532 | P11: 51.905 | Q11: 26.104 | R11: 45.948 | S11: 49.281 | T11: 41.831 | U11: 58.709 | V11: 51.715 | W11: 89.086 | X11: 79.689 | Y11: 92.803238 | Z11: 93.652 | AA11: 117.002 | AB11: 136.54388 | AC11: 130.06956 | AD11: 128.74965 | AE11: 134.56304 | AF11: 139.39166 | AG11: 153.2751 | AH11: 156.55423 | AI11: 135.16483 | AJ11: 136.72481 | AK11: 154.49194 | AL11: 144.52421 | AM11: 145.83068 | AN11: 185.32309 | AO11: 170.91295 | AP11: 179.40374 | AQ11: 185.05331 | AR11: 219.07062 | AS11: 294.43553 | AT11: 220.16611 | AU11: 221.74328 | AV11: 264.38105 | AW11: 252.33431 | AX11: 358.36593 | AY11: 352.33713 | AZ11: 329.59595 | BA11: 368.59185 | BB11: 440.63582 | BC11: 404.46941 | BD11: 430.12423 | BE11: 605.71815 | BF11: 520.84823 | BG11: 620.42327 | BH11: 613.85869 | BI11: 615.4473 | BJ11: 1018.2679 | BK11: 862.13129 | BL11: 881.3134 | BM11: 978.36036 | BN11: 1132.4483 | BO11: 1451.1304 | BP11: 1944.8407 | BQ11: 1667.7095 | BR11: 2000.1494 | BS11: 1920.7682 | BT11: 2002.5803 | BU11: 2054.0887 | BV11: 2684.5416 | BW11: 2260.3942 | BX11: 2058.6101 | BY11: 2841.1881 | BZ11: 2562.3681 | CA11: 2842.3566 | CB11: 3089.2269 | CC11: 2905.7016 | CD11: 2912.3245 | CE11: 3001.0415 | CF11: 2823.6374 | CG11: 2591.8381 | CH11: 3251.2271 | CI11: 3386.0453 | CJ11: 2791.7643 | CK11: 3144.5248 | CL11: 2945.8765 | CM11: 3149.1529 | CN11: 3185.9768 | CO11: 3551.0697
A12: La Pampa | B12: s.d | C12: s.d | D12: s.d | E12: s.d | F12: s.d | G12: s.d | H12: s.d | I12: s.d | J12: s.d | K12: s.d | L12: s.d | M12: s.d | N12: s.d | O12: s.d | P12: s.d | Q12: s.d | R12: s.d | S12: s.d | T12: s.d | U12: s.d | V12: s.d | W12: s.d | X12: s.d | Y12: s.d | Z12: s.d | AA12: s.d | AB12: s.d | AC12: s.d | AD12: s.d | AE12: s.d | AF12: s.d | AG12: s.d | AH12: s.d | AI12: s.d | AJ12: s.d | AK12: s.d | AL12: s.d | AM12: s.d | AN12: s.d | AO12: s.d | AP12: s.d | AQ12: s.d | AR12: s.d | AS12: s.d | AT12: s.d | AU12: s.d | AV12: s.d | AW12: s.d | AX12: s.d | AY12: s.d | AZ12: s.d | BA12: s.d | BB12: s.d | BC12: s.d | BD12: s.d | BE12: s.d | BF12: s.d | BG12: s.d | BH12: s.d | BI12: s.d | BJ12: 1022.64 | BK12: 941.51975 | BL12: 944.79025 | BM12: 982.98957 | BN12: 1596.9709 | BO12: 1360.8705 | BP12: 1881.1953 | BQ12: 2032.4997 | BR12: 1893.6455 | BS12: 1899.942 | BT12: 1958.0948 | BU12: 1951.4099 | BV12: 2551.1096 | BW12: 2185.7797 | BX12: 2425.2766 | BY12: 2596.7813 | BZ12: 2993.6409 | CA12: 2661.4131 | CB12: 2967.7951 | CC12: 3044.5384 | CD12: 3607.1708 | CE12: 3389.5729 | CF12: 2689.8684 | CG12: 3621.5375 | CH12: 3580.9758 | CI12: 1230.1491 | CJ12: 4872.3583 | CK12: 3827.6783 | CL12: 4262.9151 | CM12: 3604.4977 | CN12: 4862.567
A13: La Rioja | B13: 21.436416 | C13: 24.061744 | D13: 26.359563 | E13: 23.531405 | F13: 24.084916 | G13: 24.031579 | H13: 25.593742 | I13: 31.178866 | J13: 22.270707 | K13: 24.248585 | L13: 24.713913 | M13: 26.538617 | N13: 24.773233 | O13: 31.34105 | P13: 29.965767 | Q13: 21.322142 | R13: 19.086335 | S13: 25.34066 | T13: 34.209404 | U13: 30.991576 | V13: 30.206114 | W13: 30.342451 | X13: 37.27732 | Y13: 39.102591 | Z13: 42.205739 | AA13: 46.060719 | AB13: 44.675864 | AC13: 59.35 | AD13: 50.996404 | AE13: 52.974159 | AF13: 51.282605 | AG13: 64.473272 | AH13: 61.358457 | AI13: 62.575311 | AJ13: 72.31074 | AK13: 70.299399 | AL13: 70.024248 | AM13: 69.125428 | AN13: 89.871949 | AO13: 96.066756 | AP13: 83.937751 | AQ13: 98.636278 | AR13: 92.016054 | AS13: 112.10882 | AT13: 111.00078 | AU13: 113.94189 | AV13: 117.32546 | AW13: 116.68481 | AX13: 110.63715 | AY13: 133.86727 | AZ13: 160.6495 | BA13: 168.21653 | BB13: 163.87753 | BC13: 175.717 | BD13: 180.71331 | BE13: 254.32211 | BF13: 271.50253 | BG13: 257.28873 | BH13: 250.64602 | BI13: 280.76951 | BJ13: 238.48077 | BK13: 309.58033 | BL13: 312.48146 | BM13: 408.98601 | BN13: 467.94545 | BO13: 566.81081 | BP13: 1001.1667 | BQ13: 1242.2565 | BR13: 1186.8322 | BS13: 1755.6829 | BT13: 1512.6733 | BU13: 1390.462 | BV13: 1371.889 | BW13: 1582.9316 | BX13: 1670.5101 | BY13: 1746.8052 | BZ13: 1855.0437 | CA13: 1661.5245 | CB13: 1758.7202 | CC13: 2011.0573 | CD13: 1876.3463 | CE13: 1932.671 | CF13: 1709.9037 | CG13: 1570.6319 | CH13: 1771.6987 | CI13: 1727.1183 | CJ13: 1828.8499 | CK13: 1844.3229 | CL13: 2124.4087 | CM13: 2332.0519 | CN13: 1913.6696 | CO13: 2068.439
A14: Mendoza | B14: 271.98221 | C14: 281.05741 | D14: 335.10285 | E14: 275.37776 | F14: 326.34979 | G14: 302.12259 | H14: 299.87529 | I14: 376.97613 | J14: 397.29035 | K14: 340.03487 | L14: 330.91694 | M14: 351.41355 | N14: 329.89067 | O14: 356.18705 | P14: 342.51788 | Q14: 137.59873 | R14: 237.47517 | S14: 356.41463 | T14: 382.50113 | U14: 533.23406 | V14: 411.3027 | W14: 466.05521 | X14: 504.13533 | Y14: 491.89662 | Z14: 590.0401 | AA14: 601.68563 | AB14: 665.5123 | AC14: 608.37 | AD14: 608.94902 | AE14: 576.05847 | AF14: 771.56466 | AG14: 692.83256 | AH14: 751.3859 | AI14: 770.8323 | AJ14: 800.82759 | AK14: 994.08437 | AL14: 960.63335 | AM14: 851.88401 | AN14: 810.31474 | AO14: 952.29651 | AP14: 1083.5508 | AQ14: 1081.4155 | AR14: 1138.2533 | AS14: 1189.081 | AT14: 1405.6618 | AU14: 1211.5727 | AV14: 1275.3259 | AW14: 1419.6583 | AX14: 1738.6784 | AY14: 1300.1504 | AZ14: 1478.2517 | BA14: 1769.5871 | BB14: 1989.4918 | BC14: 2074.4391 | BD14: 2025.3966 | BE14: 2713.1446 | BF14: 2467.6645 | BG14: 2677.7466 | BH14: 3150.2468 | BI14: 3453.5772 | BJ14: 3906.7875 | BK14: 3237.0514 | BL14: 3947.2604 | BM14: 4416.0423 | BN14: 5823.2796 | BO14: 7969.4636 | BP14: 7076.6898 | BQ14: 9431.2974 | BR14: 8519.8002 | BS14: 9141.6783 | BT14: 11155.589 | BU14: 9596.4856 | BV14: 9880.2508 | BW14: 8067.0619 | BX14: 8820.2131 | BY14: 9172.3365 | BZ14: 11085.982 | CA14: 9632.3246 | CB14: 11443.915 | CC14: 11272.048 | CD14: 12989.216 | CE14: 12185.44 | CF14: 11400.435 | CG14: 11324.302 | CH14: 12468.716 | CI14: 9809.9933 | CJ14: 10286.082 | CK14: 11215.036 | CL14: 11690.253 | CM14: 11294.865 | CN14: 12255.732 | CO14: 12027.197
A15: Misiones | B15: 70.657791 | C15: 71.712272 | D15: 74.78004 | E15: 72.511863 | F15: 84.200652 | G15: 94.425206 | H15: 96.400921 | I15: 93.308077 | J15: 82.281112 | K15: 91.265876 | L15: 102.52274 | M15: 104.89788 | N15: 96.004293 | O15: 96.148906 | P15: 94.282906 | Q15: 38.165579 | R15: 68.864404 | S15: 117.3691 | T15: 116.09581 | U15: 155.44774 | V15: 156.92752 | W15: 193.12352 | X15: 162.49908 | Y15: 166.03329 | Z15: 161.68646 | AA15: 167.43466 | AB15: 186.13911 | AC15: 245.06 | AD15: 212.18488 | AE15: 235.16457 | AF15: 246.49747 | AG15: 259.69954 | AH15: 268.98698 | AI15: 332.70405 | AJ15: 279.09082 | AK15: 268.86331 | AL15: 308.85751 | AM15: 312.27661 | AN15: 362.82614 | AO15: 315.91571 | AP15: 316.71352 | AQ15: 348.8811 | AR15: 430.06945 | AS15: 457.5138 | AT15: 556.37773 | AU15: 419.94681 | AV15: 439.9692 | AW15: 464.43642 | AX15: 553.8 | AY15: 690 | AZ15: 660.1 | BA15: 758.4 | BB15: 792.2 | BC15: 763.5 | BD15: 945.7 | BE15: 1086.5 | BF15: 1066.5 | BG15: 1028.5 | BH15: 1084.5 | BI15: 971.5 | BJ15: 1013.8822 | BK15: 1385.4737 | BL15: 1849.7116 | BM15: 1824.0675 | BN15: 1918.6333 | BO15: 2462.888 | BP15: 2595.8251 | BQ15: 3198.7769 | BR15: 3863.3756 | BS15: 3066.7798 | BT15: 3204.2966 | BU15: 3246.3846 | BV15: 3864.8522 | BW15: 4976.5077 | BX15: 4601.9742 | BY15: 4144.6524 | BZ15: 4673.1372 | CA15: 4794.0367 | CB15: 5147.4434 | CC15: 4950.6733 | CD15: 5134.1211 | CE15: 4615.9394 | CF15: 4388.9351 | CG15: 4658.6767 | CH15: 5230.0885 | CI15: 4844.9493 | CJ15: 4819.5823 | CK15: 5040.8169 | CL15: 5661.5844 | CM15: 5633.8802 | CN15: 5264.5746 | CO15: 5319.1119
A16: Neuquén | B16: 312.27247 | C16: 180.47741 | D16: 182.43763 | E16: 160.84517 | F16: 303.34651 | G16: 169.71262 | H16: 301.15541 | I16: 387.45449 | J16: 218.93115 | K16: 179.56282 | L16: 351.4508 | M16: 331.52045 | N16: 188.63973 | O16: 267.82097 | P16: 113.07669 | Q16: 228.99644 | R16: 169.74684 | S16: 240.65265 | T16: 156.31429 | U16: 160.84891 | V16: 191.40652 | W16: 191.6453 | X16: 192.35261 | Y16: 188.87649 | Z16: 278.38472 | AA16: 232.57766 | AB16: 288.44845 | AC16: 328.73958 | AD16: 269.48204 | AE16: 255.48304 | AF16: 346.36395 | AG16: 330.34065 | AH16: 390.77321 | AI16: 328.8 | AJ16: 364.98483 | AK16: 448.66519 | AL16: 384.19312 | AM16: 450.11348 | AN16: 455.66078 | AO16: 627.81308 | AP16: 486.91639 | AQ16: 503.35968 | AR16: 925.21829 | AS16: 599.89891 | AT16: 800.69564 | AU16: 887.25219 | AV16: 702.52187 | AW16: 972.65981 | AX16: 1048.1671 | AY16: 930.28827 | AZ16: 964.48312 | BA16: 1138.1806 | BB16: 1045.0794 | BC16: 1475.751 | BD16: 1499.7127 | BE16: 2355.6142 | BF16: 1765.4703 | BG16: 1706.1247 | BH16: 1751.1548 | BI16: 1853.1978 | BJ16: 1853.8152 | BK16: 2423.2026 | BL16: 2845.0147 | BM16: 3055.2933 | BN16: 4255.8368 | BO16: 4617.7082 | BP16: 5193.7992 | BQ16: 6801.4571 | BR16: 5887.2494 | BS16: 6963.649 | BT16: 7077.5899 | BU16: 7411.6813 | BV16: 6696.9531 | BW16: 9014.9072 | BX16: 7771.6078 | BY16: 13802.632 | BZ16: 9216.8023 | CA16: 10583.991 | CB16: 11153.682 | CC16: 10128.84 | CD16: 10350.37 | CE16: 9565.5455 | CF16: 9197.5428 | CG16: 9497.3615 | CH16: 10620.096 | CI16: 17369.226 | CJ16: 11440.793 | CK16: 11553.469 | CL16: 13087.604 | CM16: 11161.311 | CN16: 22563.615
A17: Río Negro | B17: 65.218005 | C17: 83.188609 | D17: 77.096452 | E17: 76.442654 | F17: 72.405134 | G17: 69.459974 | H17: 85.88669 | I17: 85.356716 | J17: 92.627385 | K17: 74.701938 | L17: 79.31174 | M17: 80.550457 | N17: 81.705144 | O17: 88.348249 | P17: 71.982004 | Q17: 47.657966 | R17: 29.056121 | S17: 49.327599 | T17: 78.595538 | U17: 86.983527 | V17: 97.330362 | W17: 109.61228 | X17: 113.18359 | Y17: 114.06074 | Z17: 109.89226 | AA17: 132.48306 | AB17: 142.11063 | AC17: 154.7 | AD17: 147.80897 | AE17: 119.19628 | AF17: 161.12401 | AG17: 170.61708 | AH17: 175.39431 | AI17: 186.91119 | AJ17: 171.85824 | AK17: 184.68303 | AL17: 189.9113 | AM17: 189.18944 | AN17: 205.05338 | AO17: 255.38492 | AP17: 223.8551 | AQ17: 234.60469 | AR17: 227.416 | AS17: 249.94206 | AT17: 576.45362 | AU17: 265.98693 | AV17: 270.02032 | AW17: 298.96725 | AX17: 304.54501 | AY17: 350.4391 | AZ17: 367.84195 | BA17: 422.41351 | BB17: 456.45228 | BC17: 464.86757 | BD17: 457.15823 | BE17: 586.26144 | BF17: 813.47673 | BG17: 622.47367 | BH17: 725.24173 | BI17: 753.6237 | BJ17: 800.2377 | BK17: 369.51982 | BL17: 1143.6402 | BM17: 1203.3279 | BN17: 1560.7983 | BO17: 1930.5412 | BP17: 1891.9358 | BQ17: 2541.7163 | BR17: 3424.4869 | BS17: 2785.2328 | BT17: 3190.8699 | BU17: 3183.4672 | BV17: 3275.6732 | BW17: 3902.7607 | BX17: 4028.7364 | BY17: 3808.2977 | BZ17: 4443.8238 | CA17: 4753.4757 | CB17: 3571.8214 | CC17: 3850.8998 | CD17: 3837.5879 | CE17: 4534.0303 | CF17: 3790.1998 | CG17: 3872.1643 | CH17: 8166.5728 | CI17: 3852.395 | CJ17: 4243.1389 | CK17: 4618.3391 | CL17: 5065.4803 | CM17: 7284.2479 | CN17: 6494.0759 | CO17: 5554.4859
A18: Salta | B18: 110.09894 | C18: 109.28334 | D18: 97.828452 | E18: 131.431 | F18: 114.01 | G18: 100.60434 | H18: 120.565 | I18: 131.23636 | J18: 152.26567 | K18: 131.8737 | L18: 127.60199 | M18: 148.53233 | N18: 179.19034 | O18: 110.65533 | P18: 119.62812 | Q18: 69.62743 | R18: 103.01729 | S18: 154.32219 | T18: 165.42368 | U18: 207.83766 | V18: 144.44464 | W18: 176.81425 | X18: 249.15047 | Y18: 228.49219 | Z18: 231.54108 | AA18: 247.58182 | AB18: 314.40243 | AC18: 247.93185 | AD18: 275.6114 | AE18: 273.30876 | AF18: 298.73651 | AG18: 421.509 | AH18: 347.08431 | AI18: 388.15632 | AJ18: 393.43106 | AK18: 411.77226 | AL18: 391.81514 | AM18: 398.29345 | AN18: 474.86976 | AO18: 528.00029 | AP18: 501.89477 | AQ18: 486.95578 | AR18: 532.63296 | AS18: 732.10878 | AT18: 557.11369 | AU18: 661.12967 | AV18: 630.77428 | AW18: 682.61913 | AX18: 981.56055 | AY18: 764.46753 | AZ18: 953.13841 | BA18: 968.56538 | BB18: 1053.8478 | BC18: 1033.5666 | BD18: 1228.8195 | BE18: 1534.8313 | BF18: 1579.6629 | BG18: 1517.7452 | BH18: 1590.8825 | BI18: 1593.8568 | BJ18: 2223.564 | BK18: 1892.7925 | BL18: 2191.2477 | BM18: 2651.1302 | BN18: 4080.8646 | BO18: 3696.3932 | BP18: 5629.8644 | BQ18: 4691.1989 | BR18: 4787.0595 | BS18: 6649.5413 | BT18: 4997.5596 | BU18: 6876.7959 | BV18: 7082.2845 | BW18: 5099.3835 | BX18: 4147.8219 | BY18: 5405.3499 | BZ18: 7199.3458 | CA18: 5622.435 | CB18: 8462.9697 | CC18: 7113.4443 | CD18: 7113.4443 | CE18: 6247.9289 | CF18: 6149.1751 | CG18: 5780.0399 | CH18: 6201.5729 | CI18: 7515.2712 | CJ18: 6946.4746 | CK18: 7399.1221 | CL18: 6764.6027 | CM18: 6003.7941
A19: San Juan | B19: 49.93605 | C19: 52.056554 | D19: 57.502925 | E19: 49.977019 | F19: 49.012441 | G19: 61.228876 | H19: 50.503677 | I19: 54.280616 | J19: 71.359161 | K19: 60.235667 | L19: 77.712867 | M19: 51.818618 | N19: 62.723994 | O19: 59.23299 | P19: 53.642501 | Q19: 44.254414 | R19: 48.014257 | S19: 61.729562 | T19: 57.241048 | U19: 64.31701 | V19: 62.234368 | W19: 66.929138 | X19: 69.630452 | Y19: 82.206442 | Z19: 89.026302 | AA19: 84.374923 | AB19: 121.18021 | AC19: 105.05336 | AD19: 91.442241 | AE19: 101.77433 | AF19: 107.83332 | AG19: 111.36501 | AH19: 116.89255 | AI19: 139.82514 | AJ19: 120.40019 | AK19: 122.14826 | AL19: 120.01158 | AM19: 127.68233 | AN19: 143.22963 | AO19: 141.82263 | AP19: 160.05739 | AQ19: 149.12106 | AR19: 185.49688 | AS19: 199.79014 | AT19: 235.61848 | AU19: 216.5717 | AV19: 235.68584 | AW19: 209.43176 | AX19: 320.17025 | AY19: 347.18749 | AZ19: 458.81851 | BA19: 404.63 | BB19: 429.32657 | BC19: 646.89467 | BD19: 573.30062 | BE19: 588.62584 | BF19: 671.26901 | BG19: 691.86348 | BH19: 681.4795 | BI19: 856.77234 | BJ19: 839.55067 | BK19: 993.44698 | BL19: 1114.108 | BM19: 1104.4708 | BN19: 1175.569 | BO19: 1195.1014 | BP19: 1145.6133 | BQ19: 1546.2887 | BR19: 1488.3584 | BS19: 1660.4908 | BT19: 1629.2311 | BU19: 1732.5953 | BV19: 2015.6929 | BW19: 1969.9119 | BX19: 2146.9404 | BY19: 2052.086 | BZ19: 2397.2778 | CA19: 2456.6626 | CB19: 2637.1985 | CC19: 2680.1644 | CD19: 2684.6947 | CE19: 2795.0109 | CF19: 2584.2765 | CG19: 2467.3194 | CH19: 3002.6839 | CI19: 2659.055 | CJ19: 2843.9633 | CK19: 2743.9616 | CL19: 3165.3858 | CM19: 2716.5483 | CN19: 3045.0235 | CO19: 3039.9568
A20: San Luis | B20: 91.092409 | C20: 49.270614 | D20: 47.552619 | E20: 51.618102 | F20: 50.049304 | G20: 54.24289 | H20: 55.463 | I20: 60.62439 | J20: 58.293358 | K20: 82.834402 | L20: 59.334034 | M20: 63.210995 | N20: 73.008957 | O20: 67.646413 | P20: 57.093945 | Q20: 43.798024 | R20: 41.014795 | S20: 54.266068 | T20: 66.085746 | U20: 75.723669 | V20: 70.569765 | W20: 69.946152 | X20: 64.087751 | Y20: 91.542066 | Z20: 100.10075 | AA20: 116.6215 | AB20: 100.23945 | AC20: 151.77868 | AD20: 161.54591 | AE20: 176.91048 | AF20: 210.34954 | AG20: 231.81271 | AH20: 196.90591 | AI20: 156.60581 | AJ20: 192.181 | AK20: 173.42216 | AL20: 149.63056 | AM20: 179.31719 | AN20: 194.17569 | AO20: 189.71481 | AP20: 220.7803 | AQ20: 232.67597 | AR20: 245.16136 | AS20: 272.12488 | AT20: 248.00957 | AU20: 254.26882 | AV20: 301.52401 | AW20: 280.32167 | AX20: 322.79717 | AY20: 294.84164 | AZ20: 323.9334 | BA20: 433.34882 | BB20: 409.09959 | BC20: 441.1748 | BD20: 483.70623 | BE20: 540.57188 | BF20: 676.40429 | BG20: 539.33281 | BH20: 759.74159 | BI20: 717.65662 | BJ20: 711.27229 | BK20: 954.76162 | BL20: 1021.1489 | BM20: 993.51207 | BN20: 1205.1213 | BO20: 1524.7146 | BP20: 1687.9109 | BQ20: 1722.9998 | BR20: 1869.4574 | BS20: 1986.2772 | BT20: 2317.0954 | BU20: 1969.0137 | BV20: 2485.2414 | BW20: 2178.7989 | BX20: 2378.3486 | BY20: 2424.0568 | BZ20: 2368.6549 | CA20: 2524.5234 | CB20: 2737.1849 | CC20: 2651.8497 | CD20: 2889.814 | CE20: 2963.5415 | CF20: 3171.4662 | CG20: 2937.3169 | CH20: 3246.2716 | CI20: 2928.0728 | CJ20: 3137.132 | CK20: 3083.1283 | CL20: 3464.2343 | CM20: 3264.3075 | CN20: 3146.4983 | CO20: 3821.9851
A21: Santa Cruz | B21: 42.754817 | C21: 46.357605 | D21: 47.592834 | E21: 65.516943 | F21: 62.247713 | G21: 56.788678 | H21: 72.367025 | I21: 75.778426 | J21: 89.340193 | K21: 62.339657 | L21: 106.20794 | M21: 68.890888 | N21: 65.196529 | O21: 67.611161 | P21: 63.205544 | Q21: 31.575281 | R21: 40.086564 | S21: 53.601293 | T21: 59.597301 | U21: 85.153869 | V21: 50.993403 | W21: 92.181682 | X21: 89.456595 | Y21: 90.813984 | Z21: 102.7648 | AA21: 102.84441 | AB21: 123.80046 | AC21: 112.52 | AD21: 131.9093 | AE21: 120.64101 | AF21: 130.04037 | AG21: 162.17245 | AH21: 151.38608 | AI21: 146.78649 | AJ21: 164.80904 | AK21: 190.17901 | AL21: 196.97571 | AM21: 206.59543 | AN21: 284.08879 | AO21: 196.15422 | AP21: 224.11189 | AQ21: 236.55304 | AR21: 255.73878 | AS21: 368.57117 | AT21: 308.35056 | AU21: 282.14542 | AV21: 287.31875 | AW21: 350.22909 | AX21: 478.70731 | AY21: 377.63317 | AZ21: 449.27343 | BA21: 506.52673 | BB21: 579.53199 | BC21: 482.13586 | BD21: 633.31447 | BE21: 764.751 | BF21: 648.74198 | BG21: 691.87978 | BH21: 745.87021 | BI21: 773.66254 | BJ21: 1090.9465 | BK21: 761.43548 | BL21: 1066.9511 | BM21: 1288.6178 | BN21: 1714.521 | BO21: 1961.4469 | BP21: 2821.0808 | BQ21: 2258.8938 | BR21: 2588.9129 | BS21: 3680.4549 | BT21: 2928.5341 | BU21: 2624.9528 | BV21: 3373.146 | BW21: 2918.2376 | BX21: 2901.5994 | BY21: 2697.4427 | BZ21: 3474.3723 | CA21: 2979.7571 | CB21: 3325.3785 | CC21: 3249.7159 | CD21: 3355.8741 | CE21: 3340.2312 | CF21: 2824.468 | CG21: 3406.713 | CH21: =3804434041.85/1000000 -> 3804.434 | CI21: 3211.774 | CJ21: 3399.99 | CK21: 4445.858 | CL21: 3741.4973 | CM21: 3810.2558 | CN21: 3533.4585
A22: Santa Fe | B22: 492.91565 | C22: 460.17219 | D22: 426.82095 | E22: 475.35 | F22: 486.15136 | G22: 604.34009 | H22: 500.95084 | I22: 586.9984 | J22: 558.06766 | K22: 567.86 | L22: 619.28 | M22: 636.67 | N22: 612.45 | O22: 599.79 | P22: 500.19 | Q22: 333.77 | R22: 387.76 | S22: 597.29 | T22: 701.31 | U22: 715.26 | V22: 784.29 | W22: 720.82 | X22: 846.04 | Y22: 844.3 | Z22: 908.17 | AA22: 873.88 | AB22: 1054.66 | AC22: 1023.94 | AD22: 1077.35 | AE22: 1090.89 | AF22: 1202.86 | AG22: 1276.71 | AH22: 1376.74 | AI22: 1223.54 | AJ22: 1491.61 | AK22: 1428.17 | AL22: 1391.08 | AM22: 1406 | AN22: 1472.83 | AO22: 1667.81 | AP22: 1878.57 | AQ22: 2026.15 | AR22: 2034.62 | AS22: 2027.9 | AT22: 2268.82 | AU22: 2238.23 | AV22: 2324.62 | AW22: 2517.57 | AX22: 2477.4 | AY22: 2531.61 | AZ22: 2467.75 | BA22: 2966.89 | BB22: 3008.17 | BC22: 3465.75 | BD22: 3800.93 | BE22: 4253.82 | BF22: 4266.93 | BG22: 4359.59 | BH22: 4640.83 | BI22: 5986.44 | BJ22: 5506.35 | BK22: 6887.05 | BL22: 7332.8 | BM22: 6965.63 | BN22: 9580.71 | BO22: 10873.32 | BP22: 11262.51 | BQ22: 14235.09 | BR22: 13235.24 | BS22: 14718.01 | BT22: 14979.73 | BU22: 15185.41 | BV22: 17565.71 | BW22: 16743.3 | BX22: 16424.11 | BY22: 19459.33 | BZ22: 17874.06 | CA22: 19857.37 | CB22: 21952.04 | CC22: 23729.53 | CD22: 25335.75 | CE22: 24349.35 | CF22: 23930.84 | CG22: 22320.13 | CH22: 24494.92 | CI22: 22241.95 | CJ22: 21752.2 | CK22: 23269.32 | CL22: 23848.56 | CM22: 24321.78
A23: S del Estero | B23: s.d | C23: s.d | D23: s.d | E23: s.d | F23: s.d | G23: s.d | H23: s.d | I23: s.d | J23: s.d | K23: s.d | L23: s.d | M23: s.d | N23: s.d | O23: s.d | P23: s.d | Q23: s.d | R23: s.d | S23: s.d | T23: s.d | U23: s.d | V23: s.d | W23: s.d | X23: s.d | Y23: s.d | Z23: s.d | AA23: s.d | AB23: s.d | AC23: s.d | AD23: s.d | AE23: s.d | AF23: s.d | AG23: s.d | AH23: s.d | AI23: s.d | AJ23: s.d | AK23: s.d | AL23: s.d | AM23: s.d | AN23: s.d | AO23: s.d | AP23: s.d | AQ23: s.d | AR23: s.d | AS23: s.d | AT23: s.d | AU23: s.d | AV23: s.d | AW23: s.d | AX23: s.d | AY23: s.d | AZ23: s.d | BA23: s.d | BB23: s.d | BC23: s.d | BD23: s.d | BE23: s.d | BF23: s.d | BG23: s.d | BH23: s.d | BI23: s.d | BJ23: 709.15107 | BK23: 728.27078 | BL23: 734.85746 | BM23: 902.2985 | BN23: 885.71737 | BO23: 968.68734 | BP23: 1290.3246 | BQ23: 1343.2236 | BR23: 1349.3 | BS23: 1579.8313 | BT23: 1548.0128 | BU23: 1312.5706 | BV23: 1515.0597 | BW23: 1275.8354 | BX23: 1407.6054 | BY23: 1442.4039 | BZ23: 2253.5846 | CA23: 2057.2754 | CB23: 2325.4268 | CC23: 2456.2141 | CD23: 3114.3738 | CE23: 3159.4783 | CF23: 2841.6038 | CG23: 1924.3094 | CH23: 2089.907 | CI23: 2423.8183 | CJ23: 1758.012 | CK23: 2125.3474 | CL23: 2563.8291 | CM23: 2317.6536 | CN23: 2908.6071 | CO23: 2885.6954
A24: T del Fuego | B24: 27.601087 | C24: 28.165654 | D24: 27.02786 | E24: 30.914418 | F24: 36.116437 | G24: 30.008825 | H24: 32.635168 | I24: 28.598065 | J24: 40.578774 | K24: 32.348849 | L24: 35.330848 | M24: 39.123648 | N24: 34.173026 | O24: 33.043813 | P24: 38.569412 | Q24: 19.628833 | R24: 26.818322 | S24: 33.170926 | T24: 34.941073 | U24: 44.778762 | V24: 31.794263 | W24: 53.007145 | X24: 46.056077 | Y24: 39.434785 | Z24: 51.67955 | AA24: 55.577458 | AB24: 62.543507 | AC24: 67.052879 | AD24: 63.013729 | AE24: 61.384511 | AF24: 64.784527 | AG24: 103.03446 | AH24: 81.357146 | AI24: 86.621925 | AJ24: 97.062575 | AK24: 83.867522 | AL24: 92.733777 | AM24: 85.583698 | AN24: 105.55661 | AO24: 123.5849 | AP24: 104.29083 | AQ24: 118.5363 | AR24: 124.90422 | AS24: 151.66347 | AT24: 119.10559 | AU24: 143.74432 | AV24: 183.0677 | AW24: 153.18041 | AX24: 327.83566 | AY24: 186.82825 | AZ24: 226.14256 | BA24: 274.82778 | BB24: 245.85169 | BC24: 234.51168 | BD24: 314.67489 | BE24: 349.99246 | BF24: 365.5282 | BG24: 353.72178 | BH24: 476.19672 | BI24: 455.51885 | BJ24: 442.09465 | BK24: 517.90104 | BL24: 702.32698 | BM24: 699.81497 | BN24: 703.68797 | BO24: 985.52313 | BP24: 1138.4976 | BQ24: 1025.5934 | BR24: 1248.2362 | BS24: 1274.9216 | BT24: 1485.7769 | BU24: 1401.9896 | BV24: 1714.6623 | BW24: 1511.4918 | BX24: 1821.3511 | BY24: 1472.2263 | BZ24: 1837.2706 | CA24: 1631.2503 | CB24: 1685.9031 | CC24: 1926.5842 | CD24: 2001.7622 | CE24: 1483.473 | CF24: 2486.5937 | CG24: 1764.7126 | CH24: 1996.8373 | CI24: 2070.7691 | CJ24: 1857.5493 | CK24: 2012.4579 | CL24: 2163.8597 | CM24: 1974.1529 | CN24: 2000.8742
A25: Tucumán | B25: 151.77203 | C25: 127.51854 | D25: 160.75462 | E25: 145.27617 | F25: 140.272 | G25: 138.45085 | H25: 149.72938 | I25: 158.86514 | J25: 173.43916 | K25: 174.43107 | L25: 168.97606 | M25: 189.16376 | N25: 189.70712 | O25: 163.5172 | P25: 146.84872 | Q25: 124.57723 | R25: 116.80322 | S25: 152.30551 | T25: 195.68209 | U25: 213.37161 | V25: 214.53896 | W25: 242.02859 | X25: 252.32661 | Y25: 264.49311 | Z25: 277.00764 | AA25: 253.60314 | AB25: 290.61292 | AC25: 329.95 | AD25: 322.1943 | AE25: 287.39458 | AF25: 313.82048 | AG25: 332.75419 | AH25: 364.94583 | AI25: 391.78364 | AJ25: 376.90446 | AK25: 399.05915 | AL25: 424.61008 | AM25: 375.26731 | AN25: 418.12748 | AO25: 480.34647 | AP25: 494.69145 | AQ25: 531.29431 | AR25: 602.43783 | AS25: 622.84233 | AT25: 604.85585 | AU25: 705.29955 | AV25: 683.00707 | AW25: 717.39633 | AX25: 793.20349 | AY25: 747.60399 | AZ25: 827.58097 | BA25: 998.40882 | BB25: 1044.226 | BC25: 1077.9117 | BD25: 1220.2151 | BE25: 1288.8863 | BF25: 1388.934 | BG25: 1469.3688 | BH25: 1618.8111 | BI25: 1783.8693 | BJ25: 2227.9345 | BK25: 2421.0795 | BL25: 2966.5276 | BM25: 3443.7101 | BN25: 3962.6236 | BO25: 4843.6168 | BP25: 4988.5852 | BQ25: 5511.6978 | BR25: 6164.2308 | BS25: 5933.9293 | BT25: 6800.7877 | BU25: 7116.3582 | BV25: 7804.9338 | BW25: 8503.3654 | BX25: 8919.3089 | BY25: 9678.4736 | BZ25: 10683.922 | CA25: 10204.698 | CB25: 9950.1128 | CC25: 11722.515 | CD25: 10654.143 | CE25: 10168.272 | CF25: 10815.966 | CG25: 10145.219 | CH25: 12526.254 | CI25: 10843.026 | CJ25: 11356.827 | CK25: 11278.112 | CL25: 11802.916 | CM25: 11895.281 | CN25: 11663.639
A26: TOTAL | B26: =SUM(B2:B25) -> 6542.8487 | C26: =SUM(C2:C25) -> 6141.8208 | D26: =SUM(D2:D25) -> 5885.9618 | E26: =SUM(E2:E25) -> 6249.8353 | F26: =SUM(F2:F25) -> 6756.4633 | G26: =SUM(G2:G25) -> 7120.8957 | H26: =SUM(H2:H25) -> 6756.5892 | I26: =SUM(I2:I25) -> 7796.424 | ... CO26: =SUM(CO2:CO25) -> 186560.85
A28: -valores expresados en millones de pesos corrientes-
B31: 189.6101 | C31: 196.7501 | D31: 205.9571 | E31: 213.0517 | F31: 219.5691 | G31: 225.537 | H31: 230.494 | I31: 239.6077 | J31: 253.7102 | K31: 262.0661 | L31: 273.2158 | M31: 283.4442 | N31: 289.8299 | O31: 295.666 | P31: 305.5515 | Q31: 310.1243 | R31: 314.9087 | S31: 321.9738 | T31: 328.2014 | U31: 337.0632 | V31: 346.6207 | W31: 359.657 | X31: 371.0211 | Y31: 385.8826 | Z31: 401.5071 | AA31: 415.8595 | AB31: 435.8657 | AC31: 453.6503 | AD31: 468.725 | AE31: 483.6049 | AF31: 498.0987 | AG31: 510.3942 | AH31: 528.4968 | AI31: 547.0802 | AJ31: 560.9184 | AK31: 582.4575 | AL31: 605.0317 | AM31: 633.4341 | AN31: 676.0566 | AO31: 716.9399 | AP31: 753.147 | AQ31: 793.0278 | AR31: 851.761 | AS31: 911.1316 | AT31: 967.3076 | AU31: 1028.706 | AV31: 1079.2787 | AW31: 1134.5875 | AX31: 1202.979 | AY31: 1282.7091 | AZ31: 1381.1601 | BA31: 1497.2147 | BB31: 1613.5895 | BC31: 1709.6115 | BD31: 1818.0838 | BE31: 2044.2832 | BF31: 2304.9242 | BG31: 2496.273 | BH31: 2816.0628 | BI31: 3533.1922 | BJ31: 4261.5324 | BK31: 4825.7881 | BL31: 5357.0929 | BM31: 5830.2271 | BN31: 6073.7165 | BO31: 6351.7145 | BP31: 6607.7479 | BQ31: 6883.4412 | BR31: 7122.2421 | BS31: 7313.9542 | BT31: 7491.4314 | BU31: 7694.0075 | BV31: 7864.1257 | BW31: 8052.9927 | BX31: 8353.3158 | BY31: 8585.6078 | BZ31: 8714.4871 | CA31: 8855.5681 | CB31: 9023.973 | CC31: 9193.2441 | CD31: 9384.0922 | CE31: 9603.8623 | CF31: 9841.3581 | CG31: 10121.371 | CH31: 10413.031 | CI31: 10714.626 | CJ31: 11077.061 | CK31: 11363.09 | CL31: 11607.394 | CM31: 11826.41 | CN31: 12076.394
A33: JURISDICCIÓN | B33: 43466 | C33: 43497 | D33: 43525 | E33: 43556 | F33: 43586 | G33: 43617 | H33: 43647 | I33: 43678 | J33: 43709 | K33: 43739 | L33: 43770 | M33: 43800 | N33: 43831 | O33: 43862 | P33: 43891 | Q33: 43922 | R33: 43952 | S33: 43983 | T33: 44013 | U33: 44044 | V33: 44075 | W33: 44105 | X33: 44136 | Y33: 44166 | Z33: 44197 | AA33: 44228 | AB33: 44256 | AC33: 44287 | AD33: 44317 | AE33: 44348 | AF33: 44378 | AG33: 44409 | AH33: 44440 | AI33: 44470 | AJ33: 44501 | AK33: 44531 | AL33: 44562 | AM33: 44593 | AN33: 44621 | AO33: 44652 | AP33: 44682 | AQ33: 44713 | AR33: 44743 | AS33: 44774 | AT33: 44805 | AU33: 44835 | AV33: 44866 | AW33: 44896 | AX33: 44927 | AY33: 44958 | AZ33: 44986 | BA33: 45017 | BB33: 45047 | BC33: 45078 | BD33: 45108 | BE33: 45139 | BF33: 45170 | BG33: 45200 | BH33: 45231 | BI33: 45261 | BJ33: 45292 | BK33: 45323 | BL33: 45352 | BM33: 45383 | BN33: 45413 | BO33: 45444 | BP33: 45474 | BQ33: 45505 | BR33: 45536 | BS33: 45566 | BT33: 45597 | BU33: 45627 | BV33: 45658 | BW33: 45689 | BX33: 45717 | BY33: 45748 | BZ33: 45778 | CA33: 45809 | CB33: 45839 | CC33: 45870 | CD33: 45901 | CE33: 45931 | CF33: 45962 | CG33: 45992 | CH33: 46023 | CI33: 46054 | CJ33: 46082 | CK33: 46113 | CL33: 46143 | CM33: 46174 | CN33: 46204
A34: Buenos Aires | B34: =(B2/B31)*100 -> 1202.2467 | C34: =(C2/C31)*100 -> 1111.5751 | D34: =(D2/D31)*100 -> 1028.8138 | E34: =(E2/E31)*100 -> 1037.6444 | F34: =(F2/F31)*100 -> 1047.9157 | G34: =(G2/G31)*100 -> 1169.2556 | H34: =(H2/H31)*100 -> 1031.7145 | I34: =(I2/I31)*100 -> 1050.152 | ... CN34: =(CN2/CN31)*100 -> 1147.3839
A35: CABA | B35: =(B3/B31)*100 -> 814.67179 | C35: =(C3/C31)*100 -> 712.78236 | D35: =(D3/D31)*100 -> 572.10943 | E35: =(E3/E31)*100 -> 647.68317 | F35: =(F3/F31)*100 -> 678.00979 | G35: =(G3/G31)*100 -> 740.49934 | H35: =(H3/H31)*100 -> 613.81207 | I35: =(I3/I31)*100 -> 768.8818 | ... CN35: =(CN3/CN31)*100 -> 651.45193
A36: Catamarca | B36: =(B4/B31)*100 -> 12.177926 | C36: =(C4/C31)*100 -> 13.777923 | D36: =(D4/D31)*100 -> 12.954641 | E36: =(E4/E31)*100 -> 15.166272 | F36: =(F4/F31)*100 -> 14.46357 | G36: =(G4/G31)*100 -> 11.929053 | H36: =(H4/H31)*100 -> 13.339873 | I36: =(I4/I31)*100 -> 16.34558 | ... CN36: =(CN4/CN31)*100 -> 5.2442411
A37: Chaco | B37: =(B5/B31)*100 -> 44.176897 | C37: =(C5/C31)*100 -> 41.527052 | D37: =(D5/D31)*100 -> 37.758698 | E37: =(E5/E31)*100 -> 40.763317 | F37: =(F5/F31)*100 -> 36.044441 | G37: =(G5/G31)*100 -> 34.448298 | H37: =(H5/H31)*100 -> 36.699947 | I37: =(I5/I31)*100 -> 42.659654 | ... CN37: =(CN5/CN31)*100 -> 49.576966
A38: Chubut (*) | B38: =(B6/B31)*100 -> 69.616545 | C38: =(C6/C31)*100 -> 68.1067 | D38: =(D6/D31)*100 -> 66.033169 | E38: =(E6/E31)*100 -> 61.018053 | F38: =(F6/F31)*100 -> 65.127561 | G38: =(G6/G31)*100 -> 72.715342 | H38: =(H6/H31)*100 -> 69.416124 | I38: =(I6/I31)*100 -> 66.358468 | ... CN38: =(CN6/CN31)*100 -> 66.576167
A39: Córdoba | B39: =(B7/B31)*100 -> 293.63469 | C39: =(C7/C31)*100 -> 300.74756 | D39: =(D7/D31)*100 -> 287.39919 | E39: =(E7/E31)*100 -> 305.06222 | F39: =(F7/F31)*100 -> 328.43615 | G39: =(G7/G31)*100 -> 281.76349 | H39: =(H7/H31)*100 -> 289.73485 | I39: =(I7/I31)*100 -> 313.26191 | ... CN39: =(CN7/CN31)*100 -> 325.6327
A40: Corrientes | B40: =(B8/B31)*100 -> #VALUE! | C40: =(C8/C31)*100 -> #VALUE! | D40: =(D8/D31)*100 -> #VALUE! | E40: =(E8/E31)*100 -> #VALUE! | F40: =(F8/F31)*100 -> #VALUE! | G40: =(G8/G31)*100 -> #VALUE! | H40: =(H8/H31)*100 -> #VALUE! | I40: =(I8/I31)*100 -> #VALUE! | ... CN40: =(CN8/CN31)*100 -> 41.368496
A41: Entre Ríos | B41: =(B9/B31)*100 -> 71.931268 | C41: =(C9/C31)*100 -> 52.205044 | D41: =(D9/D31)*100 -> 53.485201 | E41: =(E9/E31)*100 -> 50.989305 | F41: =(F9/F31)*100 -> 62.978714 | G41: =(G9/G31)*100 -> 53.631677 | H41: =(H9/H31)*100 -> 59.882951 | I41: =(I9/I31)*100 -> 66.298773 | ... CN41: =(CN9/CN31)*100 -> 75.399178
A42: Formosa | B42: =(B10/B31)*100 -> 14.188163 | C42: =(C10/C31)*100 -> 25.64347 | D42: =(D10/D31)*100 -> 15.981773 | E42: =(E10/E31)*100 -> 15.725323 | F42: =(F10/F31)*100 -> 24.856395 | G42: =(G10/G31)*100 -> 14.687126 | H42: =(H10/H31)*100 -> 14.525875 | I42: =(I10/I31)*100 -> 18.157006 | ... CN42: =(CN10/CN31)*100 -> 14.082417
A43: Jujuy | B43: =(B11/B31)*100 -> 27.38409 | C43: =(C11/C31)*100 -> 26.110787 | D43: =(D11/D31)*100 -> 25.466954 | E43: =(E11/E31)*100 -> 27.78105 | F43: =(F11/F31)*100 -> 23.097512 | G43: =(G11/G31)*100 -> 22.218971 | H43: =(H11/H31)*100 -> 25.143822 | I43: =(I11/I31)*100 -> 47.527688 | ... CN43: =(CN11/CN31)*100 -> 26.381856
A44: La Pampa | B44: =(B12/B31)*100 -> #VALUE! | C44: =(C12/C31)*100 -> #VALUE! | D44: =(D12/D31)*100 -> #VALUE! | E44: =(E12/E31)*100 -> #VALUE! | F44: =(F12/F31)*100 -> #VALUE! | G44: =(G12/G31)*100 -> #VALUE! | H44: =(H12/H31)*100 -> #VALUE! | I44: =(I12/I31)*100 -> #VALUE! | ... CN44: =(CN12/CN31)*100 -> 40.265058
A45: La Rioja | B45: =(B13/B31)*100 -> 11.305524 | C45: =(C13/C31)*100 -> 12.229597 | D45: =(D13/D31)*100 -> 12.79857 | E45: =(E13/E31)*100 -> 11.044927 | F45: =(F13/F31)*100 -> 10.969174 | G45: =(G13/G31)*100 -> 10.655271 | H45: =(H13/H31)*100 -> 11.103865 | I45: =(I13/I31)*100 -> 13.012464 | ... CN45: =(CN13/CN31)*100 -> 15.846366
A46: Mendoza | B46: =(B14/B31)*100 -> 143.44289 | C46: =(C14/C31)*100 -> 142.84995 | D46: =(D14/D31)*100 -> 162.70517 | E46: =(E14/E31)*100 -> 129.25396 | F46: =(F14/F31)*100 -> 148.63193 | G46: =(G14/G31)*100 -> 133.95699 | H46: =(H14/H31)*100 -> 130.10113 | I46: =(I14/I31)*100 -> 157.33056 | ... CN46: =(CN14/CN31)*100 -> 101.48503
A47: Misiones | B47: =(B15/B31)*100 -> 37.264782 | C47: =(C15/C31)*100 -> 36.448404 | D47: =(D15/D31)*100 -> 36.308552 | E47: =(E15/E31)*100 -> 34.034867 | F47: =(F15/F31)*100 -> 38.348134 | G47: =(G15/G31)*100 -> 41.866836 | H47: =(H15/H31)*100 -> 41.823614 | I47: =(I15/I31)*100 -> 38.942019 | ... CN47: =(CN15/CN31)*100 -> 43.59393
A48: Neuquén | B48: =(B16/B31)*100 -> 164.6919 | C48: =(C16/C31)*100 -> 91.729261 | D48: =(D16/D31)*100 -> 88.580405 | E48: =(E16/E31)*100 -> 75.495838 | F48: =(F16/F31)*100 -> 138.15537 | G48: =(G16/G31)*100 -> 75.248237 | H48: =(H16/H31)*100 -> 130.65651 | I48: =(I16/I31)*100 -> 161.70369 | ... CN48: =(CN16/CN31)*100 -> 186.84067
A49: Río Negro | B49: =(B17/B31)*100 -> 34.395849 | C49: =(C17/C31)*100 -> 42.281355 | D49: =(D17/D31)*100 -> 37.433258 | E49: =(E17/E31)*100 -> 35.879861 | F49: =(F17/F31)*100 -> 32.976013 | G49: =(G17/G31)*100 -> 30.797596 | H49: =(H17/H31)*100 -> 37.262007 | I49: =(I17/I31)*100 -> 35.623528 | ... CN49: =(CN17/CN31)*100 -> 53.774961
A50: Salta | B50: =(B18/B31)*100 -> 58.065967 | C50: =(C18/C31)*100 -> 55.544237 | D50: =(D18/D31)*100 -> 47.499432 | E50: =(E18/E31)*100 -> 61.689721 | F50: =(F18/F31)*100 -> 51.924428 | G50: =(G18/G31)*100 -> 44.606578 | H50: =(H18/H31)*100 -> 52.307218 | I50: =(I18/I31)*100 -> 54.771347 | ... CN50: =(CN18/CN31)*100 -> 0
A51: San Juan | B51: =(B19/B31)*100 -> 26.336176 | C51: =(C19/C31)*100 -> 26.45821 | D51: =(D19/D31)*100 -> 27.919856 | E51: =(E19/E31)*100 -> 23.457695 | F51: =(F19/F31)*100 -> 22.322103 | G51: =(G19/G31)*100 -> 27.148041 | H51: =(H19/H31)*100 -> 21.911059 | I51: =(I19/I31)*100 -> 22.653953 | ... CN51: =(CN19/CN31)*100 -> 25.214675
A52: San Luis | B52: =(B20/B31)*100 -> 48.04196 | C52: =(C20/C31)*100 -> 25.042231 | D52: =(D20/D31)*100 -> 23.088604 | E52: =(E20/E31)*100 -> 24.22797 | F52: =(F20/F31)*100 -> 22.79433 | G52: =(G20/G31)*100 -> 24.05055 | H52: =(H20/H31)*100 -> 24.062665 | I52: =(I20/I31)*100 -> 25.30152 | ... CN52: =(CN20/CN31)*100 -> 26.05495
A53: Santa Cruz | B53: =(B21/B31)*100 -> 22.548808 | C53: =(C21/C31)*100 -> 23.561668 | D53: =(D21/D31)*100 -> 23.10813 | E53: =(E21/E31)*100 -> 30.751664 | F53: =(F21/F31)*100 -> 28.349942 | G53: =(G21/G31)*100 -> 25.179318 | H53: =(H21/H31)*100 -> 31.39649 | I53: =(I21/I31)*100 -> 31.62604 | ... CN53: =(CN21/CN31)*100 -> 29.259219
A54: Santa Fe | B54: =(B22/B31)*100 -> 259.96276 | C54: =(C22/C31)*100 -> 233.88663 | D54: =(D22/D31)*100 -> 207.23779 | E54: =(E22/E31)*100 -> 223.11486 | F54: =(F22/F31)*100 -> 221.41156 | G54: =(G22/G31)*100 -> 267.95607 | H54: =(H22/H31)*100 -> 217.33791 | I54: =(I22/I31)*100 -> 244.98311 | ... CN54: =(CN22/CN31)*100 -> 0
A55: S del Estero | B55: =(B23/B31)*100 -> #VALUE! | C55: =(C23/C31)*100 -> #VALUE! | D55: =(D23/D31)*100 -> #VALUE! | E55: =(E23/E31)*100 -> #VALUE! | F55: =(F23/F31)*100 -> #VALUE! | G55: =(G23/G31)*100 -> #VALUE! | H55: =(H23/H31)*100 -> #VALUE! | I55: =(I23/I31)*100 -> #VALUE! | ... CN55: =(CN23/CN31)*100 -> 24.085063
A56: T del Fuego (*) | B56: =(B24/B31)*100 -> 14.55676 | C56: =(C24/C31)*100 -> 14.315446 | D56: =(D24/D31)*100 -> 13.123053 | E56: =(E24/E31)*100 -> 14.510289 | F56: =(F24/F31)*100 -> 16.448779 | G56: =(G24/G31)*100 -> 13.3055 | H56: =(H24/H31)*100 -> 14.158793 | I56: =(I24/I31)*100 -> 11.93537 | ... CN56: =(CN24/CN31)*100 -> 16.568475
A57: Tucumán | B57: =(B25/B31)*100 -> 80.044277 | C57: =(C25/C31)*100 -> 64.812441 | D57: =(D25/D31)*100 -> 78.052478 | E57: =(E25/E31)*100 -> 68.188222 | F57: =(F25/F31)*100 -> 63.885129 | G57: =(G25/G31)*100 -> 61.387199 | H57: =(H25/H31)*100 -> 64.960205 | I57: =(I25/I31)*100 -> 66.302186 | ... CN57: =(CN25/CN31)*100 -> 96.582136
A58: TOTAL | B58: =(B26/B31)*100 -> 3450.6858 | C58: =(C26/C31)*100 -> 3121.6354 | D58: =(D26/D31)*100 -> 2857.8582 | E58: =(E26/E31)*100 -> 2933.483 | F58: =(F26/F31)*100 -> 3077.1467 | G58: =(G26/G31)*100 -> 3157.3071 | H58: =(H26/H31)*100 -> 2931.3515 | I58: =(I26/I31)*100 -> 3253.8286 | ... CN58: =(CN26/CN31)*100 -> 3062.6684
N60: 43831 | O60: 43862 | P60: 43891 | Q60: 43922 | R60: 43952 | S60: 43983 | T60: 44013 | U60: 44044 | V60: 44075 | W60: 44105 | X60: 44136 | Y60: 44166 | Z60: 44197 | AA60: 44228 | AB60: 44256 | AC60: 44287 | AD60: 44317 | AE60: 44348 | AF60: 44378 | AG60: 44409 | AH60: 44440 | AI60: 44470 | AJ60: 44501 | AK60: 44531 | AL60: 44562 | AM60: 44593 | AN60: 44621 | AO60: 44652 | AP60: 44682 | AQ60: 44713 | AR60: 44743 | AS60: 44774 | AT60: 44805 | AU60: 44835 | AV60: 44866 | AW60: 44896 | AX60: 44927 | AY60: 44958 | AZ60: 44986 | BA60: 45017 | BB60: 45047 | BC60: 45078 | BD60: 45108 | BE60: 45139 | BF60: 45170 | BG60: 45200 | BH60: 45231 | BI60: 45261 | BJ60: 45292 | BK60: 45323 | BL60: 45352 | BM60: 45383 | BN60: 45413 | BO60: 45444 | BP60: 45474 | BQ60: 45505 | BR60: 45536 | BS60: 45566 | BT60: 45597 | BU60: 45627 | BV60: 45658 | BW60: 45689 | BX60: 45717 | BY60: 45748 | BZ60: 45778 | CA60: 45809 | CB60: 45839 | CC60: 45870 | CD60: 45901 | CE60: 45931 | CF60: 45962 | CG60: 45992 | CH60: 46023 | CI60: 46054 | CJ60: 46082 | CK60: 46113 | CL60: 46143 | CM60: 46174 | CN60: 46204
N61: =N34/B34-1 -> -0.044532539 | O61: =O34/C34-1 -> -0.13684293 | P61: =P34/D34-1 -> -0.17272408 | Q61: =Q34/E34-1 -> -0.41400609 | R61: =R34/F34-1 -> -0.42932401 | S61: =S34/G34-1 -> -0.37517463 | T61: =T34/H34-1 -> -0.20409383 | U61: =U34/I34-1 -> -0.045085727 | ... CN61: =CN34/CB34-1 -> -0.1869374
N62: =N35/B35-1 -> -0.22893912 | O62: =O35/C35-1 -> -0.21407578 | P62: =P35/D35-1 -> -0.22624075 | Q62: =Q35/E35-1 -> -0.41661523 | R62: =R35/F35-1 -> -0.60924763 | S62: =S35/G35-1 -> -0.48955921 | T62: =T35/H35-1 -> -0.21133353 | U62: =U35/I35-1 -> -0.32818021 | ... CN62: =CN35/CB35-1 -> -0.16209116
N63: =N36/B36-1 -> -0.045457433 | O63: =O36/C36-1 -> -0.2617086 | P63: =P36/D36-1 -> -0.41484979 | Q63: =Q36/E36-1 -> -0.12499404 | R63: =R36/F36-1 -> -0.50491349 | S63: =S36/G36-1 -> -0.33618765 | T63: =T36/H36-1 -> -0.50680532 | U63: =U36/I36-1 -> -0.23591433 | ... CN63: =CN36/CB36-1 -> -0.27476019
N64: =N37/B37-1 -> -0.15705629 | O64: =O37/C37-1 -> -0.14189647 | P64: =P37/D37-1 -> -0.040008395 | Q64: =Q37/E37-1 -> -0.41077454 | R64: =R37/F37-1 -> -0.34673406 | S64: =S37/G37-1 -> -0.2203479 | T64: =T37/H37-1 -> -0.15748576 | U64: =U37/I37-1 -> 0.071845507 | ... CN64: =CN37/CB37-1 -> -0.10919797
N65: =N38/B38-1 -> 0.14487041 | O65: =O38/C38-1 -> -0.07135359 | P65: =P38/D38-1 -> -0.18221831 | Q65: =Q38/E38-1 -> -0.45040953 | R65: =R38/F38-1 -> -0.41489775 | S65: =S38/G38-1 -> -0.38494223 | T65: =T38/H38-1 -> -0.24942288 | U65: =U38/I38-1 -> -0.10135458 | ... CN65: =CN38/CB38-1 -> -0.15774354
N66: =N39/B39-1 -> 0.0025806195 | O66: =O39/C39-1 -> -0.20631675 | P66: =P39/D39-1 -> -0.022611507 | Q66: =Q39/E39-1 -> -0.4388566 | R66: =R39/F39-1 -> -0.51010002 | S66: =S39/G39-1 -> -0.01987868 | T66: =T39/H39-1 -> 0.029841772 | U66: =U39/I39-1 -> -0.0082409726 | ... CN66: =CN39/CB39-1 -> -0.10385478
N67: =N40/B40-1 -> #VALUE! | O67: =O40/C40-1 -> #VALUE! | P67: =P40/D40-1 -> #VALUE! | Q67: =Q40/E40-1 -> #VALUE! | R67: =R40/F40-1 -> #VALUE! | S67: =S40/G40-1 -> #VALUE! | T67: =T40/H40-1 -> #VALUE! | U67: =U40/I40-1 -> #VALUE! | ... CN67: =CN40/CB40-1 -> -0.13770715
N68: =N41/B41-1 -> 0.0082482611 | O68: =O41/C41-1 -> -0.016487805 | P68: =P41/D41-1 -> -0.18515023 | Q68: =Q41/E41-1 -> -0.21331909 | R68: =R41/F41-1 -> -0.35101872 | S68: =S41/G41-1 -> 0.047867921 | T68: =T41/H41-1 -> -0.047475828 | U68: =U41/I41-1 -> 0.028161438 | ... CN68: =CN41/CB41-1 -> -0.10271072
N69: =N42/B42-1 -> -0.21963949 | O69: =O42/C42-1 -> -0.36527656 | P69: =P42/D42-1 -> -0.2285108 | Q69: =Q42/E42-1 -> -0.48513475 | R69: =R42/F42-1 -> -0.72348134 | S69: =S42/G42-1 -> -0.26354923 | T69: =T42/H42-1 -> -0.16312766 | U69: =U42/I42-1 -> -0.24408486 | ... CN69: =CN42/CB42-1 -> -0.30863426
N70: =N43/B43-1 -> -0.27122361 | O70: =O43/C43-1 -> -0.12524132 | P70: =P43/D43-1 -> -0.33296631 | Q70: =Q43/E43-1 -> -0.69701397 | R70: =R43/F43-1 -> -0.36829146 | S70: =S43/G43-1 -> -0.31113354 | T70: =T43/H43-1 -> -0.49309505 | U70: =U43/I43-1 -> -0.63352306 | ... CN70: =CN43/CB43-1 -> -0.22935685
N71: =N44/B44-1 -> #VALUE! | O71: =O44/C44-1 -> #VALUE! | P71: =P44/D44-1 -> #VALUE! | Q71: =Q44/E44-1 -> #VALUE! | R71: =R44/F44-1 -> #VALUE! | S71: =S44/G44-1 -> #VALUE! | T71: =T44/H44-1 -> #VALUE! | U71: =U44/I44-1 -> #VALUE! | ... CN71: =CN44/CB44-1 -> 0.22431227
N72: =N45/B45-1 -> -0.24395298 | O72: =O45/C45-1 -> -0.13323768 | P72: =P45/D45-1 -> -0.23373402 | Q72: =Q45/E45-1 -> -0.3775103 | R72: =R45/F45-1 -> -0.44745969 | S72: =S45/G45-1 -> -0.26135992 | T72: =T45/H45-1 -> -0.061291141 | U72: =U45/I45-1 -> -0.29340139 | ... CN72: =CN45/CB45-1 -> -0.18692478
... N85: =N58/B58-1 -> -0.13876172 | O85: =O58/C58-1 -> -0.16246776 | P85: =P58/D58-1 -> -0.20247714 | Q85: =Q58/E58-1 -> -0.43669565 | R85: =R58/F58-1 -> -0.49175943 | S85: =S58/G58-1 -> -0.32368052 | T85: =T58/H58-1 -> -0.18154764 | U85: =U58/I58-1 -> -0.15438245 | ... CN85: =CN58/CB58-1 -> -0.20823567

Sheet OTROS
